x (14.JPG),y (14.JPG),x (29.JPG),y (29.JPG)
5.58752,2921.86,1949.68,1657.06,
6.80837,2554.96,2787.53,1845.53,
11.4443,2904.5,1412.47,1801.39,
11.4443,2904.5,1412.47,1801.39,
14.0064,2908.23,1487.99,1782.92,
14.7785,2523.41,2787.53,1845.53,
18.8456,2496.23,746.34,1560.35,
20.3073,2498.79,2900.06,1948.49,
24.7809,2482.81,2787.53,1845.53,
35.944,2814.65,1966.99,1647.29,
35.944,2814.65,1966.99,1647.29,
45.0584,1836.93,1595.23,1081.04,
48.4709,1833.12,1596.4,1078.04,
48.4709,1833.12,1596.4,1078.04,
55.9954,1928.23,1606.72,1156.32,
57.1694,2728.97,1412.47,1801.39,
57.3533,1852.83,1641.28,486.97,
62.7189,1867.21,2819.19,2062.95,
62.8378,1840.71,1606,1083.37,
70.4548,2352.07,1362.39,1496.38,
78.0874,2644.59,1412.47,1801.39,
78.2409,2428.45,1940.24,1618.35,
78.3988,2433.26,1463.22,1538.28,
79.6786,2579.33,1966.99,1647.29,
79.6821,1867.07,2126,2579.59,
87.2856,2193.69,1039.2,1896.28,
87.5336,1852.5,3264.37,1243.88,
87.8441,1864.31,3350.41,1695.99,
90.6873,2899.46,1665.86,1832.56,
91.8667,1866.85,1626.2,1104.15,
91.8667,1866.85,1626.2,1104.15,
92.908,2312.64,2753.5,1172.35,
94.5136,2075.14,2595.66,1156.65,
95.032,2904.29,1668.11,1835.71,
98.2624,2562.04,1412.47,1801.39,
98.8729,2081.13,2835.41,2616.11,
98.9214,2426.04,1473.01,1535.04,
99.4323,2192.34,1511.08,1439.64,
100.994,1843.03,1629.13,1084.22,
106.35,2827.98,1412.47,1801.39,
108.383,2433.94,1760.99,1569.93,
118.684,2201.44,1836.06,364.487,
119.61,1871.68,1297.62,1889.53,
123.094,1983.05,1647.46,1202.4,
128.21,1870.35,2672.03,1862.32,
132.161,2441.66,2768.34,1834.19,
132.216,2113.14,2244.31,1358.31,
133.923,2736.72,1946.52,1621.78,
135.132,1982.17,1653.85,1201.29,
137.378,2257.45,737.024,1367.46,
137.692,1958.45,1654.36,1183.08,
139.779,2109.89,1662.33,1318.03,
145.375,1872.42,1659.44,1107.1,
146.996,2723.56,1412.47,1801.39,
147.141,2658.37,1966.99,1647.29,
150.196,2190.27,2718.02,2484,
150.401,1997.2,1662.47,1214.44,
153.025,2161.34,1692.98,546.805,
153.702,2010.37,1664.79,1225.46,
157.285,1863.64,2733.17,1908.41,
157.382,2163.14,1670.7,1347.5,
158.627,2017.04,2147.9,1239.29,
162.791,2004.03,2135.22,1249.15,
163.574,2018.6,1673.01,1231.06,
168.866,2643.15,1487.99,1782.92,
174.897,1880.46,1678.26,1112.74,
181.85,2071.28,91.7064,1330.38,
182.145,2295.93,877.72,2024.4,
183.937,2559.45,1412.47,1801.39,
189.904,2996.09,1773.2,2993.73,
193.861,2977.13,404.314,2304.4,
194.223,2187.94,1696.09,1366.35,
194.965,2889.67,1412.47,1801.39,
195.916,2142.8,3110.94,2569.63,
197.596,2891.67,1487.99,1782.92,
197.843,2961,2970.44,1519.12,
204.087,2961.58,1727.17,1715.38,
208.629,2914.52,1582.02,1864.02,
211.289,1901.07,1715.25,1967.96,
211.525,1979.53,3177.06,1974.55,
211.823,2929.38,2768.34,1834.19,
213.487,2212.03,535.439,1584.58,
214.945,2737.46,1412.47,1801.39,
216.87,1996.19,1706.56,1212.11,
217.427,2808.1,1768.58,1845.92,
221.782,1870.47,1911.13,1104.94,
223.74,2144.79,1707.64,1335.79,
225.153,2726.83,1567.54,1631.26,
226.459,1873.09,1709.33,1106.07,
228.716,1906.97,1713.34,1134.88,
232.775,2720,1412.47,1801.39,
232.775,2720,1412.47,1801.39,
234.078,1874.31,2660.4,2095.51,
234.653,2148.91,1669.82,1138.48,
240.036,2356.37,3293.96,1579.83,
240.737,1869.07,1718.86,1101.79,
242.726,1992.43,1719.97,1210.22,
247.673,2570.94,1487.99,1782.92,
249.1,1942.98,1407.41,1916.58,
252.309,2735.95,2787.53,1845.53,
252.309,2735.95,2787.53,1845.53,
252.577,1906.32,1729.14,1135.16,
253.465,2639.73,1487.99,1782.92,
255.732,2569.73,1946.52,1621.78,
256.866,2701.81,2970.44,1519.12,
257.509,1990.17,332.807,1934.26,
257.577,2725.16,1727.17,1715.38,
259.213,2010.34,1383.66,1193.95,
259.907,2686.74,404.314,2304.4,
267.49,2557.11,1412.47,1801.39,
267.49,2557.11,1412.47,1801.39,
268.009,1968.9,3119.95,2631.72,
278.3,2364.77,3828.26,2668.78,
280.685,1871.04,1744.52,1102.55,
284.657,2591.67,1727.17,1715.38,
286.948,2344.91,1989.69,497.315,
291.932,2903.46,1969.85,1648.8,
292.178,2899.79,1412.47,1801.39,
294.156,2492.88,1210.58,1640.99,
296.656,2532.61,1727.17,1715.38,
297.903,2495.63,1577.01,1591.33,
300.823,2481.35,1727.17,1715.38,
301.358,2446.52,2135.57,1540.14,
305.855,2455.01,1727.17,1715.38,
309.016,2882.65,1412.47,1801.39,
309.016,2882.65,1410.8,1799.72,
309.617,2815.38,1412.47,1801.39,
311.468,2809.49,1657.52,1084.14,
315.149,2810.39,1946.52,1621.78,
320.723,2313.26,1929.57,1508.64,
323.021,2346.55,2408.13,1827.68,
324.851,1882.77,1775.83,1112.16,
326.673,2731.99,1412.47,1801.39,
327.419,1927.96,1775.59,1154.03,
328.293,2730.63,1766.22,1799.68,
328.293,2730.63,1766.22,1799.68,
339.691,1923.65,1970.03,1534.27,
340.614,2344,3095.38,1508.16,
344.215,2649.33,1766.22,1799.68,
347.377,1918.05,1790.53,1143.05,
350.422,2431.7,1463.22,1538.28,
359.618,2570.06,1766.22,1799.68,
362.603,2127.45,895.888,1311.61,
362.927,1912.81,2063.93,1802.9,
364.063,2338.09,1651.83,1486.44,
368.702,2127.23,2018.66,1926.85,
373.756,2400.62,1471.07,1071.91,
394.398,2810.92,1412.47,1801.39,
395.299,2876.75,1412.47,1801.39,
399.708,2805.97,1946.52,1621.78,
403.556,2800.6,1668.05,1788.09,
410.938,1939.09,1337.56,1213.42,
422.161,2645.5,1487.99,1782.92,
426.019,2647.22,1766.22,1799.68,
432.113,1872.5,999.898,1396.28,
448.032,1875.48,1735.15,1057.5,
449.669,1894.91,2897.49,2804.8,
456.764,2557.98,1487.99,1782.92,
460.52,2294.96,1744.95,2394.4,
461.178,2011.94,2015.42,653.588,
462.794,2446.7,1727.17,1715.38,
467.758,2300.1,2073.38,476.114,
469.839,2270.67,2941.57,2089.68,
474.254,2892.48,1445.46,1455.22,
475.06,1937.14,1178.21,2667.97,
476.289,2273.91,2939.18,2097.15,
476.521,2807.49,1412.47,1801.39,
481.332,2802.53,1946.52,1621.78,
483.545,1930.53,2492.59,2993.79,
485.341,2797.31,1567.54,1631.26,
486.804,2883.35,1718.38,1698.94,
486.804,2883.35,1718.79,1747.54,
494.938,2647.12,1035.13,1627.48,
495.035,1959.98,1294.02,1229.55,
506.933,1963.8,3764.11,2265.78,
509.571,2491.5,2787.53,1845.53,
510.422,1892.6,1268.25,1727.19,
516.362,2013.07,1903.83,1226.98,
518.091,1895.47,1888.23,2574.18,
522.441,2323.21,2134.95,1170.01,
523.547,2399.36,2356,1895.39,
523.702,2762.23,2970.44,1519.12,
525.958,2236.05,1778.95,2994.17,
528.16,2395.23,1969.84,1817.22,
530.257,1913.41,1919.81,1135.3,
533.885,2365.6,1364.2,1504.43,
535.175,2975.99,1486.91,1888.75,
536.876,1949.9,2784.83,1319.9,
540.127,2562.42,1718.79,1747.54,
544.104,1909.28,1930.5,1131.19,
547.187,1890.17,1938.71,1112.29,
548.756,1902.59,1933.27,1125.07,
551.569,1917.74,1936.81,1138.24,
554.264,2358.15,1587.61,1471.3,
557.09,1940.61,1938.55,1159.07,
558.388,2494.73,1577.01,1591.33,
560.858,2022.32,1782.03,1330.63,
561.505,2043.87,1315.7,1303.46,
562.499,1911.47,1944.53,1132.22,
564.708,2270.33,1928.44,1444.23,
564.969,2447.85,1720.41,1576.39,
565.483,1914.3,1947.09,1134.79,
566.438,1882.17,1769.49,1590.98,
568.003,1906.75,1948.79,1127.93,
569.241,1892.1,1938.71,1112.29,
569.637,2884.67,1511.02,1840.92,
570.912,1905.98,1950.63,1127.44,
570.912,1905.98,1950.63,1127.44,
571.549,1914.8,1950.85,1135.4,
573.326,2273.29,1934.96,1446.99,
574.385,2266.61,1935.1,1442.07,
574.418,2837.16,1920.35,1851.73,
574.418,2837.16,1920.35,1851.73,
576.016,2294.66,703.241,1452.85,
577.475,1959,1953.2,1175.77,
577.61,2877.52,1927.05,1877.98,
578.943,2814.08,1487.99,1782.92,
579.402,2953.45,850.816,1511.03,
581.189,2265.88,1939.56,1441.2,
585.785,1923.39,700.215,2089.68,
585.956,2363.57,3504.85,1596.36,
586.773,1919.48,1962.51,1139.19,
587.995,1959.23,1961.16,1175.56,
588.414,2302.95,3064.81,2003.22,
589.912,2938.73,560.395,1377.58,
589.914,2290.82,1948.18,1461.52,
590.622,1915.69,1965.65,1135.11,
591.151,2301.34,2095.54,1478.37,
592.2,2330.06,2957.72,1515.81,
592.444,2875.19,1934.18,1875.47,
593.167,2853.46,1934.69,1863.63,
594.351,2262.23,1947.28,1439.63,
594.937,2246.34,1949.63,1426.94,
594.972,2056.82,1955.07,1266.16,
595.887,2958.48,768.098,1333.55,
595.946,2236.09,1948.01,1418.74,
595.946,2236.09,1948.01,1418.74,
596.774,1963.15,1966.93,1179.42,
596.982,2863.13,1937.19,1869.02,
597.395,2857.24,1937.59,1866.2,
599.791,1891.49,1973.59,1112.47,
604.432,2893.99,2617.58,1543.11,
605.337,2868.73,2105.63,1550.64,
606.013,1983.54,1974.13,1197.96,
607.11,2059.45,1962.6,1270.18,
608.145,2241.35,1962.02,1420.54,
610.366,2920.03,1950.99,1905.66,
611.435,2239.33,1962.02,1420.54,
614.567,1927.8,1983.59,1146.19,
615.187,1957.72,1981.72,1174.21,
615.822,1987.56,2604.16,1849.96,
615.971,1916.4,1985.63,1135.37,
620.154,1927.23,1987.67,1145.51,
620.154,1927.23,1987.67,1145.51,
622.462,1919.5,2605.01,2557.2,
622.545,1943.92,1988.68,1160.68,
624.44,1888.12,1993.74,1107.96,
624.897,2950.51,3811.37,2014.94,
628.425,1925.15,1994.39,1141.82,
630.821,1935.55,1995.85,1152.18,
632.528,2472.83,1115.83,1438.77,
633.188,2890,3958.82,2872.88,
633.845,1885.18,2001.72,1104.8,
635.862,2894.42,1490.62,2127.53,
637.467,1921.68,2000.7,1139.84,
637.996,2238.05,1975.72,1421.51,
639.714,2888.85,3665.73,2561,
640.016,2233.38,1977.28,1418.18,
640.016,2233.38,1977.28,1418.18,
640.053,1928.23,2003.03,1145.75,
641.183,2542.13,1750.98,1914.04,
647.457,2371.27,1772.59,2840.31,
649.143,2059.66,1993.27,1269.82,
649.896,2977.57,1066.79,1738.93,
650.056,2483.07,1938.95,1621.69,
652.127,2772.77,1865.79,1369.96,
654.196,2747.16,3758.19,2728.98,
654.744,2762.03,1970.18,1811.44,
657.962,2979.26,2393.72,2667.06,
660.683,2238.55,1962.02,1420.54,
660.791,2060.47,2139.23,1198.78,
661.469,2859.61,1987.86,1871.93,
664.749,2474.87,1950.07,1616.47,
666.336,2874.38,1991.5,1889.04,
670.443,2280.36,2530.18,1128.73,
670.494,2946.18,1997.08,1931.4,
672.552,1937.39,625.167,1415.93,
672.934,2946.22,1997.08,1931.4,
674.034,2921.28,2593.23,2409.23,
674.649,1941.81,2697.23,1357.62,
677.623,2839.29,1887.2,736.904,
677.673,2839.18,1887.2,736.904,
683.285,1907.65,2573.83,2310.67,
696.256,2461.06,1946.52,1621.78,
698.366,1969.91,2045.67,1185.06,
700.646,1933.95,2051.68,1148.96,
703.15,1893.36,2055.23,1111.15,
703.496,2453.17,1966.99,1647.29,
706.077,2814.4,2013.67,1851.4,
710.746,1978.92,3800.75,2212.32,
711.677,2826.37,2399.87,1819.59,
712.883,1917.53,2061.43,1133.88,
714.14,2827.58,3621.35,2687.2,
714.314,1954.77,2510.03,2938.38,
717.802,2297.59,2093.05,1475.16,
717.961,2304.05,2093.25,1480.44,
719.474,2291.53,2032.6,2287.3,
721.209,1986.34,2063.13,1198.48,
721.574,2799.05,2023.57,1843.07,
724.144,2295.89,2517.27,1507.24,
735.84,2304.77,2066.97,1478.47,
736.019,2981.84,660.026,1594.4,
737.909,2988.19,2029.7,1964.96,
739.885,2556.84,2017.06,1676.76,
746.429,2787.2,1616.83,1890.93,
747.43,2782.1,3416.54,1812.13,
751.269,2478.12,2125.15,1709.09,
753.342,2493.08,1888.01,1702.52,
753.864,2724.08,2759.93,1126.45,
754.461,2437.32,3026.34,2047.51,
754.473,2305.3,2066.97,1478.47,
755.229,2221.33,2107.02,869.237,
755.889,2505.4,1894.19,2866.55,
757.721,2282.31,2067.98,1460.58,
758.457,2492.95,1987.96,819.449,
758.968,1952.27,3835.82,2104.53,
767.078,2305.47,2102.46,1481.51,
767.078,2305.47,2102.46,1481.51,
768.478,2294.67,1970.16,1463.02,
777.803,1893.84,2900.07,2687.45,
777.912,2280.94,2113.39,1462.23,
788.346,1888.05,3595.92,1139.98,
789.159,2617,2085.37,1720.99,
793.018,2284.01,2094.68,1462.58,
797.135,2768.99,2282.56,2328.88,
798.38,2283.63,2071.35,1460.58,
801.077,1921.58,2133.24,1135.12,
802.008,2971.24,2889.82,1254.53,
810.697,2351.55,3469.6,2077.85,
811.117,2343.58,3986.98,2923.7,
811.251,2978.6,2299.86,2104.06,
827.905,1964.67,2148.6,1177.19,
830.211,1899.17,2160.55,1111.45,
831.391,2626.39,2115.21,1731.47,
832.677,1920.45,2159.27,1133.51,
833.961,1933.54,2159.51,1145.82,
839.754,2586.23,768.098,1333.55,
840.461,1937.68,2164.43,1149.3,
840.634,1945.62,2163.23,1157.87,
841.075,1953.5,2052.9,2340.71,
841.162,1951.12,2163.42,1163.59,
846.187,2444.54,2668.92,1625.39,
848.556,1924.61,2173.12,1136.19,
854.107,2639.96,3332.01,1819.5,
858.712,1900.58,2184.04,1112.01,
859.126,2323.26,1710.95,1392.68,
861.111,2144.72,2121.45,2632.15,
866.015,1897.5,3571.27,1143.95,
871.375,1899.77,2194.76,1111.23,
874.967,1906.92,1917.14,1105,
876.893,2442.68,3273.59,1660.72,
881.295,2298.46,737.898,1562.72,
881.722,2860.8,1943.3,1882.53,
883.27,1995.5,2177.03,1211.93,
888.367,2120.4,2139.19,1337.72,
890.055,2607.9,1145.5,1718.04,
891.204,2512.15,3765.54,2133.55,
892.483,2496.33,2969.84,2572.33,
903.82,2444.17,2371.89,1609.81,
910.354,2448.18,2375.53,1613.85,
912.804,1948.34,2226.89,1156.94,
912.919,2870.6,1226.92,2318.11,
913.481,2278.44,3710.88,2202.9,
914.485,1943.67,2227.8,1152.61,
914.653,1925.11,2229.05,1135.3,
921.568,2470.51,3798.4,2122.26,
921.633,2231.57,1194.83,1235.89,
927.789,1935.06,2240.56,1144.64,
930.117,2533.91,2058.69,627.254,
930.296,2355.14,3207.85,1137.99,
931.394,2747.17,787.301,1294.49,
932.852,2678.18,2150.05,1876.6,
933.473,2467.68,1912.84,1262.9,
937.931,2311.33,2458.56,1835.97,
940.012,2524.88,1962.02,1420.54,
940.589,1947.06,219.709,1565.41,
940.833,1956.54,2247.33,1165.82,
941.132,1960.72,2247.53,1170.26,
941.132,1960.72,2247.53,1170.26,
941.442,2548.27,2704.54,1666.42,
943.582,2772.09,1303.79,1218.92,
945.136,1904.58,2259.07,1113.51,
945.513,2706.82,545.646,2075.5,
946.644,2598.64,1730.67,2895.61,
947.195,2518.58,3059.3,1971.23,
949.683,2941.75,2093.05,1739.8,
951.707,2284.66,1207.15,2252.34,
960.544,2524.13,1096.18,1648.24,
962.773,1943.59,2268.26,1151.85,
964.101,2255.09,67.835,1972.96,
965.955,2041.7,2141.05,1292.88,
966.831,1931.28,2273.44,1139.71,
969.216,2174.4,3768.04,2670.34,
969.58,1991.3,2140.6,1285.98,
970.611,1907.75,2280.1,1115.24,
972.87,2981.48,3584.09,1201.67,
975.771,1986.44,2146.1,1246.35,
976.332,2725.8,2070.86,1464.9,
976.62,1925.79,2283.58,1133.73,
979.769,1935.35,2283.52,1143.04,
980.147,2572.28,3432.37,2749.87,
980.84,2024.27,2153.24,1239.52,
981.481,1996.07,2150.94,1255.95,
981.82,2060.72,2156.05,1307.97,
982.628,2075.6,3106.39,2098.76,
983.531,2730.6,3589.15,2904.97,
985.062,2066.19,2158.76,1311.88,
985.129,1977.89,2153.24,1239.52,
985.328,2023.46,2155.92,1276.91,
985.367,2154.12,1728.76,985.673,
986.29,2611.21,2264.76,1959.82,
986.662,1962.2,2287.59,1169.88,
986.852,2035.26,2158.82,1249.33,
986.852,2035.26,2158.82,1249.33,
987.051,2629.56,831.312,1608.56,
987.234,2045.18,2158.94,1294.3,
987.994,2098.48,2163.51,1337.5,
988.621,2039.14,2159.83,1288.71,
988.902,2030.79,2159.27,1282.74,
990.032,2020.81,2159.61,1274.23,
990.248,1961.76,2114.89,1332.72,
990.279,1974.74,3539.51,2622.47,
990.872,2011.15,2159.72,1266.48,
990.908,1990.96,2157.7,1286.53,
990.908,1990.96,2158.82,1249.33,
991.906,1999.31,2158.94,1294.3,
993.481,1986.21,2159.27,1282.74,
993.618,2732.54,2201.24,1822.85,
996.125,1960.68,2295.11,1168.11,
998.181,1956.13,2297.53,1163.65,
998.379,2314.95,2602.31,1610.51,
998.822,2747.36,2199.41,1833.14,
1002.19,1953.95,727.492,2949.88,
1002.38,2440.69,616.442,1367.84,
1003.78,2004.62,2271.86,1775.42,
1005,2005.74,2172.66,1263.38,
1005,2005.74,2172.66,1263.38,
1007.38,2026.94,3692.66,1905.23,
1008.67,2490.84,3211.31,1721.27,
1009.52,2594.31,2247.35,1721.75,
1012.06,2188,3039.66,2073.78,
1013.23,2021.13,310.778,1478.97,
1014.55,1984.92,2178.51,1243.4,
1014.74,2642.46,2249.11,1758.77,
1015.14,1960.59,2311.25,1168.02,
1018.19,2727.33,2241.51,1822.1,
1020.7,2826.15,581.143,2111.72,
1021.61,2842.87,1171.87,1882,
1022.7,2041.05,2188.16,1291.67,
1022.94,1957.03,2317.89,1164.82,
1024.26,2660.78,2253.71,1773.72,
1025.41,2337.16,2265.36,1517.8,
1026.17,2022.19,2188.45,1274.76,
1028.59,2310.53,2442.45,1499.2,
1029.19,2031.15,2193.73,1282.03,
1029.19,2031.15,2146.1,1246.35,
1030.31,2660.25,2257.7,1773.82,
1034.52,2744.27,1451.23,2474.4,
1035.67,2044.19,2200,1293.64,
1036.03,2270.64,2289.71,1459.11,
1039.57,2300.14,2450.54,1490.85,
1040.77,2939.42,199.061,2571.57,
1041.18,2330.65,2438.02,1526.05,
1049.22,2737.57,1402.41,2137.58,
1049.24,2660.35,2271.86,1775.42,
1050.11,2308.63,1610.08,1687.05,
1051.75,2880.98,1806.85,1161.1,
1053.32,2336.16,1912.49,889.617,
1053.37,2331.81,2054.64,1597.61,
1055.97,1920.94,1737.46,1370.28,
1059.35,2640.79,2282.11,1761.37,
1060.32,2879.63,952.947,1116.49,
1060.77,2874.89,1140.19,2568.89,
1062.79,2332.58,2456.49,1529.45,
1063.96,1961.94,2356.65,1167.89,
1064.64,1935.82,2361,1141.49,
1066.62,2653.97,2286.35,1772.3,
1067.94,2186.33,487.842,1818.7,
1075.3,2242.05,3089.46,1951.23,
1077.21,2194.44,1319.05,1891.31,
1077.61,1900.19,1906.02,1120.06,
1079.01,2435.82,1961.12,1506.79,
1080.35,2662.77,2296.43,1780.38,
1080.35,2662.77,2296.43,1780.38,
1080.6,2454.52,1385.37,1421.74,
1081.39,2425.43,2291.59,1595.63,
1081.39,2425.43,2291.59,1595.63,
1081.87,2451.71,2293.8,1616.94,
1082.92,2726.75,2130.24,806.616,
1083.19,2437.72,2294.2,1605.55,
1088.93,1940.11,1811.18,1627.94,
1089.12,2438.67,2298.7,1606.74,
1089.41,2380.2,2296.07,1556.7,
1089.41,2380.2,3042.28,1942.71,
1089.82,2804.6,3809.71,2206.62,
1091.15,2433.71,2300.7,1602.86,
1095.26,2437.9,2304.46,1606.53,
1095.26,2437.9,2304.46,1606.53,
1095.38,2739.64,2505.65,2260.04,
1097.01,2580.81,2158.67,473.639,
1109.06,2742.04,2283.61,1839.17,
1109.57,2450.14,2315.78,1616.63,
1110.43,2734.7,1959.13,1473.4,
1110.91,2661.15,2319.53,1781.76,
1115.35,2089.79,2367.04,2524.63,
1116.41,2653.74,2324.15,1776.53,
1120.55,2312.29,2003.72,461.648,
1121.78,2368.09,1791.82,2497.49,
1122.56,2351.13,1787.45,2794.62,
1123.83,2258.94,2581.34,1316.46,
1124.57,2652.28,2330.61,1776.19,
1125.62,2297.92,1988.12,520.073,
1127.89,2261.96,1797.3,2015.26,
1129.59,1243.51,1931.42,1459.63,
1132.03,2660.37,2335.61,1783.08,
1132.65,2651.71,2336.86,1776.38,
1135.15,2968.89,3456.12,1313.96,
1136.4,1820.16,1472.41,1531.94,
1138.23,2641.32,2343.19,1768.94,
1141.09,2407.5,2229.31,1577.97,
1142.04,1831.88,2914.62,1974.71,
1144.01,2626.52,2349.31,1757.67,
1144.01,2626.52,2349.31,1757.67,
1144.61,2289.07,1987.48,490.145,
1146.56,1944.41,3003.37,1130.21,
1148.63,2820.7,204.462,2058.98,
1149.22,2883.68,3143,2573.84,
1150.12,2350.04,634.602,1484.09,
1150.15,1920.28,446.949,1575.19,
1150.89,2659.01,2350.2,1783.81,
1150.89,2659.01,2350.2,1783.81,
1151.13,1888.78,2886.55,1855.79,
1152.84,1193.43,3992.1,2371.98,
1153.74,1185.03,898.329,1794.76,
1156.1,2155.53,3069.9,1772.35,
1157.25,1189.15,1914.8,1336.86,
1159.73,2734.53,3104.64,1458.46,
1159.9,2157.82,3073.06,1775.63,
1160.11,2738.86,1939.48,1528.64,
1160.5,2994.25,2163.53,2658.11,
1160.87,2469.07,3989.94,2213.08,
1162.45,2714.41,2485.83,1835.74,
1166.37,2004.42,1948.65,601.931,
1166.41,2481.69,3154.89,1707.13,
1167.15,2366.87,3966.51,1643.69,
1171.4,2441.12,2365.38,1613.36,
1171.4,2441.12,2365.38,1613.36,
1175.85,1248.94,3187.68,2593.32,
1177.39,2267.2,1890.6,2194.09,
1177.39,2052.07,1983.62,1102.85,
1177.49,2974.07,887.398,1469.56,
1178.22,2713.37,1222.55,1674.31,
1179.23,2851.66,1801.56,1216.51,
1179.5,2873.56,2475.32,1894.42,
1181.34,2723.48,2357.36,1835.05,
1184.21,2738.9,2359.78,1847.48,
1185.49,2813,2335.68,1902.47,
1186.7,2827.36,2337.17,1912,
1186.96,2603.65,776.848,2153.41,
1187.87,2648.12,452.611,2152.88,
1188.09,1176.62,1798.66,1537.92,
1191.6,2266.02,2134.43,945.171,
1194.04,1192.74,2436.32,1160.44,
1194.42,2608.63,2364.02,1750.23,
1194.8,2601.19,2363.7,1744.39,
1195.1,2819.85,2345.65,1908.55,
1195.67,2800.88,2389.18,1839.52,
1196.07,1154.17,471.999,1719.06,
1199,2114.48,3217.17,1486.26,
1199.06,1880.36,1494.76,1457.8,
1199.28,2440.9,2387.14,1615.13,
1200.1,2620.5,2394.57,1757.95,
1200.55,2433.59,2389.18,1609.22,
1201.6,1127.39,1868.86,1056.07,
1202.12,2871.86,2346.57,1945.76,
1203.14,1806.51,1344.12,1356.5,
1203.2,2269.49,2394.36,2558.67,
1203.32,1100.62,1845.93,863.223,
1203.58,1906.46,3303.09,2608.85,
1203.87,2721.51,2372.05,1835.8,
1204.58,2200.94,955.006,1385.51,
1205.82,1090.48,1812.57,1002.19,
1205.88,2987.73,2493.41,2432.44,
1206.34,1016.72,2860.93,1376.42,
1207.36,1982.11,3049.05,2692.66,
1208.2,2037.86,1816.8,910.142,
1208.49,2472.47,2397.53,1640.95,
1209.08,2097.85,1701.86,1326.92,
1210.02,2621.53,2402.68,1759.61,
1210.15,2457.67,2399.56,1629.12,
1210.15,2457.67,2399.56,1629.12,
1210.17,2646.39,2399.53,1779.38,
1210.32,2462.16,2399.47,1633.28,
1211.01,2715.37,1105.41,1146.06,
1211.41,2470.39,2400.38,1639.63,
1213.69,2624.11,2404.96,1761.91,
1214.67,2134.27,3066.57,2548.47,
1215.35,1807.6,1352.92,1355.18,
1217.28,1192.95,1074.7,1397.52,
1218.43,2649.35,2405.44,1782.21,
1218.52,2926.1,1866.35,1383.85,
1222.2,1828.92,1920,743.017,
1222.2,1828.92,1920,743.017,
1223,2124.91,848.087,1881.45,
1224.49,2439.6,2411.81,1615.51,
1224.89,2434,2409.71,1610.88,
1224.89,2434,2409.71,1610.88,
1225.64,1833.45,1642.95,629.75,
1228.01,1281.89,1798.54,511.503,
1228.85,2752.34,2396.16,1843.21,
1230.17,2658.52,1730.76,1362.47,
1230.18,1920.53,3767.53,2242.75,
1233.24,1936.34,2520.6,1137.21,
1233.57,2145.86,1825.02,612.063,
1234.16,2305.93,2442.45,1499.2,
1234.23,2922.4,2758.27,1460.53,
1234.47,1292.68,863.316,1644.6,
1236.28,1994.72,2664.67,2348.81,
1236.32,2642.64,2420.6,1778.68,
1237.38,2634.59,2422.74,1772.12,
1238.45,2713.94,2363.67,1870.23,
1238.49,2296.01,2445.87,1490.83,
1239.43,1207.58,833.01,1282.59,
1241.16,2439.39,2421.39,1616.14,
1241.64,2286.92,1341.08,1767.46,
1242.37,2829.23,2382.95,1919.66,
1243.66,2295.21,2450.54,1490.85,
1244.64,2304.45,3370.81,1532.16,
1244.75,2155.89,3218.01,2100,
1245.99,1251.95,1784.05,1915.92,
1246.12,2319.01,3099.11,1649.39,
1246.12,2319.01,3099.11,1649.39,
1247.15,2814.2,2388.56,1908.83,
1247.76,2698.3,2401.93,1823.19,
1247.76,2698.3,2401.93,1823.19,
1248.16,2708.51,2402.55,1830.42,
1248.18,2439.3,2428.99,1616.72,
1248.39,2299.48,2454.51,1494.38,
1248.7,865.538,2838.9,1976.49,
1249.72,2989.8,2735.45,2696.72,
1249.75,2985.17,1554.97,2396.48,
1249.81,892.577,2902.44,2820.45,
1254.25,1875.07,1621.97,566.617,
1254.25,1875.07,1621.97,566.617,
1254.93,2008.17,1666.93,1508.9,
1255.02,2096.05,1931.19,1407,
1255.95,924.632,1549.04,1321.01,
1257.45,2672.17,2412.76,1803.31,
1259.12,2773.62,2403.15,1881.03,
1259.18,1256.98,612.7,2051,
1261.58,1960.29,2540.3,1162.01,
1262.19,2780.47,2404.88,1886.5,
1262.68,2684.85,2417.61,1814.56,
1263.46,2669.83,2418.02,1803.38,
1263.63,2993.18,1776.36,2996.42,
1264.15,2962.66,900.825,1635.02,
1264.36,1963.39,2543.68,1164.91,
1266.77,1969.2,2546,1170.1,
1267.99,2893.07,2386.43,1959.07,
1268.95,1971.35,2548.33,1172.49,
1269.5,2645.35,1883.64,1205.85,
1269.93,1966.72,2549.18,1167.79,
1270.46,2321.5,2440.37,1521.84,
1271.44,2003.87,2046.53,1430.81,
1271.71,2764.88,2415.42,1875.64,
1272.06,2670.08,1998.49,532.447,
1273.87,2949.77,3435.5,1842.89,
1274.02,1211.2,749.911,1609.64,
1274.19,2749.45,2418.85,1864.74,
1275,2432.88,2451.71,1612.89,
1275,2432.88,2451.71,1612.89,
1275.17,2462.4,2453.41,1636.7,
1275.21,2754.11,2419.34,1868.54,
1275.28,2462.1,2453.41,1636.7,
1275.38,2010.28,1811.45,340.76,
1276.32,1289.57,1595.23,1081.04,
1276.38,2475.83,2454.46,1648.13,
1276.77,2717.52,403.325,1860.42,
1277.01,1966.94,2556.39,1168.16,
1277.01,1966.94,2556.39,1168.16,
1277.95,2777.15,2418.03,1885.48,
1278.87,2744.15,2423.85,1861.45,
1279.18,2669.9,1962.02,1420.54,
1279.25,2773.32,2419.85,1883.21,
1280.09,2792.01,2419.06,1897.14,
1280.37,2787.15,2419.37,1893.36,
1280.42,2765.88,2421.83,1877.75,
1280.42,2765.88,2421.83,1877.75,
1280.65,2106.39,2530.68,1309.68,
1283.46,2681.33,2435.15,1813.95,
1284.6,2450.67,2344.64,1622.56,
1284.66,2721.25,2429.81,1844.81,
1285.57,2045.04,1246.53,1327.35,
1287.69,1104.94,1716.04,950.901,
1289.25,2692.1,2438.75,1822.83,
1289.69,2792.78,2426.8,1898.61,
1289.69,2792.78,2426.8,1898.61,
1289.97,2681.24,925.859,1595.07,
1289.99,2685.4,2439.35,1817.37,
1290.92,2669.55,2843.48,1942.38,
1290.95,2718.59,2436.39,1842.82,
1291.62,1971.02,3028.79,1875.35,
1291.65,2661.68,2440.34,1799.97,
1292.68,2768.78,2433.02,1881.75,
1292.91,2673.2,2441.65,1808.39,
1293.64,1958.44,2571.72,1159.82,
1294.42,2710.19,2440.38,1836.98,
1294.89,869.601,2926.46,2694.98,
1295.84,2794.18,2432.08,1900.03,
1296.96,2673.67,603.561,1375.34,
1297.14,2432.74,2470.35,1614.4,
1297.14,2432.74,2470.35,1614.4,
1297.15,2773.77,2435.68,1885.43,
1297.91,1968.24,2575.35,1169,
1297.91,1968.24,2575.35,1169,
1298.62,2706.11,2444.68,1834.07,
1300.38,1965.14,2577.95,1165.94,
1301.21,2367.39,3491.51,1610.9,
1301.91,2754.07,2440.53,1870.24,
1302.6,2093.08,2555.63,1296.49,
1302.79,2095.97,3544.51,2000.35,
1303.62,2909.32,2202.57,2278.07,
1304.11,860.397,1289.36,1146.69,
1305.93,2781.63,2442.48,1891.68,
1306.15,2432.89,2477.69,1614.86,
1306.51,1939.97,2590.06,1139.29,
1307.9,2712.66,2451.61,1839.88,
1307.91,2697.44,2452.87,1828.91,
1307.91,2697.44,1118.47,2664.47,
1308.98,1025.9,3953.41,1992.23,
1310.87,1273.45,3202.81,2070.37,
1310.92,1144.45,2186.97,1748.5,
1310.99,2297.17,1221.82,1731.42,
1311.93,2699.9,2455.33,1830.89,
1315.4,2685.39,346.265,2027.63,
1316.73,1156.07,2082.37,595.964,
1316.73,1156.07,2082.37,595.964,
1318.98,2708.73,2461.56,1838.18,
1319.32,1989.2,2589.41,1190.72,
1320.57,2914.03,3461.67,1539.07,
1322.42,2660.07,2465.32,1801.53,
1323.66,2921.41,1899.12,1988.39,
1327.27,2708.15,2470.86,1838.73,
1328.68,2332.98,2710.99,1151.36,
1329.48,2709.18,2470.86,1838.73,
1329.85,1955.45,2596.5,1159.27,
1330.74,1162.09,3928.09,2764.01,
1335.23,2623.11,2503.64,1771.62,
1336.19,1188.62,1582.02,1864.02,
1337.02,2719.88,2477.24,1847.94,
1337.64,2708,677.668,1344.29,
1338.04,2237.97,2779.28,1202.86,
1339.91,2877.39,3242.29,1786.41,
1340.01,2650.07,2503.99,1793.9,
1340.65,2729.55,2481.13,1856.45,
1342.65,1925.49,2627.25,1122.99,
1345.9,1949.47,2046.59,1422.11,
1347.06,2776.95,364.48,2910.64,
1347.52,2449.32,2514.09,1631.04,
1347.83,2069.46,2692.91,1758.85,
1348.2,2338.42,2456.49,1529.45,
1350.33,1164.29,446.602,1543.87,
1351.53,2722.84,2501.24,1852.37,
1352.03,2431.92,2516.89,1617.04,
1352.9,1927.56,2637.24,1124.7,
1354.68,1957.84,2630.23,1158.22,
1355.69,2703.28,2969.89,1769.55,
1358.99,1255.55,2616.62,2428.19,
1360.7,1257.98,2692.85,2534.6,
1360.95,2642.45,2522.63,1789.8,
1362.27,2021.93,2052.9,2867.92,
1362.95,1155.39,1804.69,2771.31,
1363.46,2027.29,2697.86,1145.74,
1363.79,2101.6,2691.99,1365.89,
1365.19,1265.19,2639.59,1747.62,
1366.58,2270.12,2448.32,1331.57,
1368.01,1958.53,2644.57,1157.94,
1368.51,1258.62,859.543,1459.32,
1370,1168.97,2001.65,993.555,
1370.85,2118.39,2872.59,2605.22,
1372.37,2078.14,1802.8,2900.82,
1372.38,2347.17,864.639,1494.46,
1372.48,2715.1,2158.89,1447.21,
1379.58,1141.98,654.431,1310.79,
1380.85,2573.18,2535.35,1731.16,
1382.64,2571.24,2535.35,1731.16,
1389.81,2435.79,2018.5,1760.8,
1390.36,1098.43,1194.01,1295.56,
1390.65,2869.32,1848.78,968.329,
1392.56,2346.9,3187.53,1574.36,
1392.87,2863.4,2050.04,2447.06,
1393.12,2718.02,403.47,1584.18,
1393.12,2591.51,2553.49,1749.74,
1393.45,2868.83,2502.53,1966.14,
1393.49,2011.03,1884.88,543.385,
1394.02,1107.59,2095.84,964.611,
1394.47,2268.43,1947.09,1134.79,
1394.98,956.234,2435.56,1959.55,
1397.45,1710.92,3515.36,1139.02,
1398.63,969.121,2141.54,929.036,
1398.67,2647.2,2553.46,1797.12,
1398.67,2647.2,2553.46,1797.12,
1398.72,1707.94,3066.37,1126.92,
1401.59,1937.58,2372.46,1538.47,
1402.11,682.343,1429.62,1914.93,
1403,890.249,1663.47,443.582,
1403.69,1905.12,2348.87,1537.56,
1403.96,2800.43,2044.53,1545.06,
1404.14,881.054,1663.47,443.582,
1404.18,2908.73,2716.08,1641.7,
1405.1,2590.22,2567.8,1750.98,
1405.49,1837.22,1860.53,1736.4,
1406.44,851.141,2411.28,2501.46,
1406.44,638.833,768.098,1333.55,
1407.08,2780.95,2791.64,1949.37,
1407.51,2186.96,3382.34,1788.79,
1408.67,2759.48,2879.4,1726.72,
1409.17,2608.65,2569.19,1766.7,
1409.17,2608.65,2569.19,1766.7,
1410.33,2602.27,2570.98,1761.63,
1411.36,858.576,1366.97,1906.94,
1414.13,2612.41,2572.48,1770.16,
1414.2,2789.07,2515.71,1909.85,
1415.05,1691.52,859.543,1459.32,
1417.62,2574.87,2065.65,495.953,
1417.96,988.341,3260.59,2472.82,
1418.17,2632.44,1998.43,1864.65,
1419.33,2605.41,2578.49,1765.03,
1419.95,2055.71,1770,686.487,
1421.07,2635.18,2574.64,1789.49,
1421.55,2601.87,2580.97,1762.24,
1422.1,1014.5,2865.46,1358.17,
1422.31,2292.6,598.413,1423.63,
1422.46,2001.19,3414.41,1131.72,
1423.16,2559.11,2583.83,1725.68,
1423.64,2583.06,2584.23,1747.42,
1424.86,1692.68,1864.69,558.528,
1425.03,2614.34,2581.36,1772.56,
1425.09,2605.56,2582.98,1765.82,
1425.41,942.748,2173.31,1824.75,
1425.61,2599.63,2584.34,1760.61,
1425.93,2635.29,2578.4,1790.08,
1425.96,2346.77,1868.66,731.064,
1426.18,618.464,1111.45,1269.22,
1428.68,2574.47,2588.44,1740.45,
1430.04,2475.27,1993.24,468.834,
1430.39,2474.96,1993.24,468.834,
1430.52,793.585,1621.97,566.617,
1430.52,793.585,1621.97,566.617,
1431.18,2600.49,2588.98,1761.96,
1432.44,2604.5,2589.41,1765.37,
1432.44,2604.5,2589.41,1765.37,
1433.05,2332.83,3644.57,1581.78,
1433.45,2590.69,2592.09,1754.1,
1434.03,2481.66,2590.27,1664.23,
1436.25,2333.04,3352.91,2377.85,
1437.46,2764.44,2538.75,1894.22,
1437.75,2603.98,2595.17,1765.44,
1438.48,2490.24,3927.9,2246.57,
1439.35,2634.68,2589.45,1790.7,
1440.02,2470.72,2595.33,1655.24,
1440.08,1003.78,2920.14,1346.25,
1440.2,2591.25,2598.04,1755.09,
1440.36,664.103,2082.37,595.964,
1441.36,2386.99,2608.41,1582.61,
1441.38,2787.02,1233.57,1876.01,
1441.5,2362.41,1327.68,1329.05,
1441.52,2598.68,2598.47,1761.46,
1442.01,330.325,2204.38,1288.64,
1442.04,2500.99,2597.58,1680.97,
1442.34,2349.14,887.306,1404.98,
1442.35,443.564,3067.63,1319.01,
1442.77,2462.46,2598.39,1648.01,
1443.64,1164.78,2108.76,1075.6,
1444.04,2365.43,2615.68,1563.22,
1444.82,2388.45,2611.63,1584,
1444.94,2513.37,1264.15,1347.2,
1445.2,2396.01,2610.54,1589.41,
1445.2,2396.01,2621.64,1537.92,
1445.27,2469.03,1781.19,1547.91,
1445.58,2459.47,2600.98,1645.48,
1445.65,1736.98,1982.13,580.536,
1445.76,2415.27,2606.62,1606.99,
1446.83,2560.47,2604.3,1730.38,
1446.84,2446.26,2601.19,1634.88,
1447,2694.2,1474.34,1776.17,
1447.38,2609.28,2601.5,1770.59,
1447.68,2467.67,2602.99,1652.98,
1447.68,2467.67,2359.78,1847.48,
1448.49,389.465,2392.51,1789.55,
1448.8,2358.93,2620.08,1557.74,
1448.8,2358.93,2620.08,1557.74,
1448.82,2634.47,2256.99,1602.79,
1450.24,2470.8,2604.57,1656.15,
1450.52,2568.24,2608.03,1735.69,
1450.82,2426.14,1989.03,2123.02,
1450.87,2567.86,2608.03,1735.69,
1451.53,542.671,1621.97,566.617,
1451.57,2482.34,2605.48,1665.4,
1452.03,566.407,1876.53,725.019,
1452.38,2630.42,2602.18,1788.54,
1452.63,2356.95,1193.1,1537.72,
1453.22,2625.44,3390.4,2272.47,
1453.57,406.111,2108.05,933.347,
1453.57,406.111,2108.05,933.347,
1454.06,261,1619.02,837.495,
1454.29,2500.93,3816.33,2127.4,
1454.91,450.934,2869.65,1361.95,
1455.5,1725.18,1660,1061.17,
1455.79,2476.4,2609.8,1661.05,
1455.97,995.987,1905.37,1974.29,
1456.45,1703.12,1315.55,2176.73,
1457.05,238.673,1619.02,837.495,
1457.78,2263.05,2664.46,1466.03,
1458.73,2905.11,2903.63,1589.02,
1459.18,1024.66,148.885,1323.74,
1459.49,2896.2,1848.54,1118.87,
1459.49,2896.2,3241.37,1319.07,
1459.82,992.619,1064.13,2204.04,
1459.88,2434.5,2613.2,1625.88,
1461.04,517.677,2664.15,1770.57,
1461.84,197.383,1619.02,837.495,
1462.32,1023.43,144.209,1324.16,
1462.47,1703.6,3931.66,2300.42,
1463.42,2655.93,2791.64,1949.37,
1463.44,2632.83,2708.65,2492.89,
1464.85,147.554,3926.35,2099.63,
1466.03,385.853,3071.08,1759.15,
1466.19,2861.21,3216.14,2147.09,
1466.19,2861.21,3216.14,2147.09,
1468.66,1828.54,1926.37,1128.11,
1469.07,409.751,2314.14,2882.62,
1469.25,929.396,2798.04,1929.95,
1471.53,2470.21,2141.05,1292.88,
1472,2265.35,2677.47,1468.55,
1472.61,362.529,1841.77,1002.39,
1472.79,2259.39,1863,1483.97,
1473.63,1136.21,3416.54,1812.13,
1474.05,2281.02,2679.9,1483.17,
1475.4,963.057,1746.39,1137.57,
1477.33,1681.92,1894.17,911.661,
1478.52,728.478,96.442,1427.28,
1478.53,1750.83,1291.28,1407.98,
1482.86,380.103,1677.63,2449.99,
1483.62,2750.82,1612.03,974.747,
1483.79,511.533,1977.76,592.717,
1486.86,935.614,1387.09,1351.75,
1489.63,349.48,1921.48,461.378,
1489.99,1705.93,1737.36,546.903,
1493.1,1048.31,1890.69,1329.38,
1493.62,2399.59,3673.78,1927.57,
1494.03,1785.99,1134.69,1458.78,
1496.87,449.083,1908.87,624.507,
1498.85,2882.19,3381.02,1588.73,
1499.55,2101.84,2157.64,1461.32,
1500.71,293.953,2787.53,1845.53,
1500.94,605.113,3523.8,1765.11,
1502.47,380.22,2857.04,1755.98,
1502.87,358.814,3396.38,1628.58,
1504.7,1710.5,3616.28,1584.87,
1505.59,486.5,3019.44,2001.53,
1505.78,2918.67,1170.19,1506.27,
1506.64,1979.46,3106.87,1127.18,
1507.46,2167.86,508.063,1537.72,
1507.75,1714.11,465.738,1958.6,
1507.92,198.297,1883.64,1205.85,
1508.08,2189.21,2603.61,1648.19,
1508.18,2093.44,1924.09,1600.33,
1509.05,2787.79,3760.5,2348.79,
1510.25,1717.17,2553.39,1932.12,
1510.37,1717.16,2553.39,1932.12,
1510.76,2191.63,3096.17,2691.25,
1511.64,497.816,1101.93,2365.31,
1511.94,483.676,2895.94,2558.35,
1512.89,2149.69,3265.66,1581.64,
1514.91,1250.79,1425.05,1912.03,
1515.19,1805,627.123,1387.93,
1515.71,2135.68,3007.76,1977.01,
1515.85,1813.85,1972.61,2297.99,
1515.88,2702.24,3174.91,1212.81,
1516.69,1062.61,3080.68,1730.87,
1516.97,2489.14,2373.49,2414.24,
1517.53,1161.63,2141.05,1292.88,
1518.58,1031.97,2082.37,595.964,
1518.58,1031.97,2082.37,595.964,
1519.33,1179.41,2044.07,1822.89,
1519.67,2586.89,3634.45,1542.51,
1520.6,1935.79,324.586,1096.47,
1521.75,820.438,1888.48,1000,
1521.95,1282.91,1487.19,1462.66,
1523.87,2029.38,1551.94,1194.97,
1526.21,1944.38,1803.42,1292.37,
1526.35,1787.78,1868.86,1056.07,
1526.77,293.608,1363.99,1476.54,
1527.56,1825.97,3157.39,1376.56,
1528.51,2526.25,2555.02,2539.71,
1528.51,2526.25,2555.02,2539.71,
1528.69,823.564,1888.48,1000,
1528.72,968.497,3145.16,2714.13,
1530.02,115.975,1851.42,533.699,
1531.38,2096.98,1269.02,1743.18,
1531.45,364.432,1690.42,733.325,
1532.03,701.38,1276.16,1887.48,
1532.27,499.501,2291.96,2177.99,
1532.55,636.739,2704.2,2645.04,
1534.62,757.619,3394.85,2739.5,
1535.72,298.982,2008.86,448.447,
1536.54,2664.27,2991.2,2025.03,
1537.42,1687.98,2135.22,1249.15,
1539.11,2129.99,3744.29,2451.98,
1543,882.996,1888.48,1000,
1543.51,1674.38,2135.04,1334.86,
1544.48,498.324,3523.8,1765.11,
1544.5,732.449,1832.83,1805.18,
1547.28,643.847,2611.52,1428.85,
1547.35,161.236,2870.21,1737.18,
1547.43,574.145,2247.95,2486.94,
1547.84,2127.76,1983.92,531.353,
1549.9,1657.96,1784.9,2883.27,
1551.75,891.334,2503.35,1513.08,
1553.45,1702.92,1170.67,1330.92,
1553.45,1702.92,1170.67,1330.92,
1554.06,162.801,2731.79,1139.51,
1556.67,2323.76,3764.18,2248.59,
1558.2,1534.18,78.0736,1402.29,
1558.53,626.476,3520.23,1799.01,
1560.42,2325.83,2104.93,824.818,
1561.18,391.148,1982.13,580.536,
1562.62,420.846,2840.96,2612.12,
1562.82,1705.36,2064.21,1582.04,
1565.38,2316.38,1949.68,1657.06,
1565.87,1814.9,3514.91,2781.82,
1567.62,1774.3,1775.59,1154.03,
1573.13,287.383,1925.27,1250.44,
1573.4,1290.6,2069.39,958.9,
1575.77,1238.38,2861.47,2285.78,
1576.95,1869.82,3413.84,2915.52,
1577.13,662.982,2456.34,1170.34,
1577.27,1857.43,3194.8,1817.6,
1579.03,1545.59,3157.56,2590.46,
1580.11,1812.88,1882.84,625.305,
1580.28,1834.5,1082.44,1254.18,
1582.46,1965.53,1809.62,1546.67,
1582.61,200.524,2164.62,1849.3,
1584.16,1832.16,2306.43,2459.11,
1587.44,2439.52,3173.93,2610.37,
1587.55,1303.18,3219.77,2148.94,
1588.44,1406.34,1942.15,880.788,
1588.71,1324.35,784.091,1834.15,
1588.91,2155.12,1878,666.093,
1589.65,2092.61,2138.26,932.584,
1589.86,1328.41,1845.78,1142.61,
1593.15,675.493,2253.54,2764.07,
1593.2,689.865,1131.13,1617.43,
1594.11,2132.07,3207.85,1137.99,
1595.37,2320.86,958.861,1590.14,
1596.07,616.857,2404.95,1464.06,
1596.37,413.797,3213.1,2149.26,
1596.72,684.675,2474.45,1289.79,
1597.91,1417.61,2282.16,1772.57,
1597.97,1581.66,1095.4,1103.07,
1600.64,1893.69,2662.99,2593.39,
1600.65,1195.85,1846.54,1412.83,
1600.76,2357.54,806.007,1457.32,
1601.53,551.075,3370.05,1209.9,
1601.53,551.075,1829.39,1565.63,
1602.76,248.478,2562.42,1121.22,
1603.06,145.286,1621.97,566.617,
1604.74,2556.25,1345.56,1793.01,
1605.07,646.169,2910.42,1873.37,
1605.28,1744.44,2054.55,1400.05,
1605.62,396.878,1692.09,823.55,
1605.77,2517.19,1987.48,490.145,
1606.12,1176.03,2363.6,1839.96,
1607.1,225.048,3705.24,1755.04,
1608.17,2011.33,1793.22,2816.81,
1608.35,2136.54,1810.57,600.141,
1608.82,1088.81,834.279,1393.92,
1609.81,1168.21,1508.26,1144.07,
1611.11,457.632,1979.67,1639.42,
1611.2,2085.34,621.704,1675.19,
1611.35,1491.51,1783.57,2817.15,
1611.56,2291.16,3654.1,1725.1,
1612.93,984.046,3248.74,1191.12,
1613.67,490.288,1994.66,2719.6,
1614.08,1527.73,1832.84,1247.86,
1614.31,424.951,2616.37,2554.01,
1615.47,2025.71,3866.09,2847.91,
1615.99,1480.44,3035.09,1645.59,
1615.99,1738.02,2201.44,1265.87,
1616.47,1047.23,2244.31,1358.31,
1620.19,2228.42,1925.46,669.963,
1620.97,1643.66,2972,1986.94,
1624.31,1688.68,3345.62,2663.49,
1624.46,966.948,2104.08,1824.62,
1625.65,992.482,3440.69,2687.1,
1625.71,2159.72,2125.51,1505.82,
1626.28,1769.25,110.237,1275.52,
1626.67,2151.37,2866.6,1689.39,
1626.89,1114.91,1307.1,1294.54,
1626.93,2227.61,2472.76,2556.88,
1628.34,304.951,1668.93,524.124,
1628.64,2656.07,1790.2,1806.03,
1629,2200.15,1486.75,1309.68,
1630.69,2228.93,2020.02,506.892,
1631.11,2681.22,1917.98,740.471,
1631.11,2681.22,1917.98,740.471,
1633.1,940.271,841.969,1133.95,
1635.71,1341.81,2300.15,1160.85,
1637.63,1769.7,3337.77,1785.86,
1637.74,1834.28,1816.57,1067.95,
1640.75,945.27,1602.17,773.897,
1641.49,1789.02,2469.38,1503.06,
1642.55,1546.08,2008.54,518.681,
1642.75,1784.17,2244.3,2773.28,
1643.42,1769.9,1845.56,1839.56,
1644.51,1830.2,714.84,2035.44,
1646.17,2791.05,2805.32,1386.89,
1648.24,1548.91,1836.97,1256.43,
1649.97,440.329,3345.5,2811.68,
1650.03,446.222,3913.75,1911.09,
1650.48,1682.09,106.812,1272.61,
1651.33,887.589,2007.78,1475.8,
1651.82,2844.45,831.199,1458.01,
1653.29,2820.19,1905.37,1974.29,
1653.57,2812.7,3525.93,2470.74,
1653.85,1822.38,2615.46,1160.48,
1654.67,1055.66,1882.84,625.305,
1655.54,2015.65,1511.26,2231.6,
1656.26,1662.61,1387.09,1351.75,
1656.45,2562.38,1815.4,1805.31,
1659.05,841.849,1680.38,729.635,
1659.26,1546.44,2008.54,518.681,
1659.79,1533.76,1233.1,1116.32,
1660.64,1760.94,2099.39,2324.9,
1660.89,1771.39,1726.39,1610.46,
1661.28,2131.08,2046.78,1553.53,
1662.39,900.283,1885.9,1419.24,
1663.37,1762.85,1676.46,986.535,
1663.4,1755.04,802.188,1456.98,
1663.75,1740.82,1802.8,2900.82,
1663.99,2374.82,3760.7,2314.83,
1665.3,1508.85,3099.11,1649.39,
1665.52,2345.95,961.201,1643.95,
1668.02,2424.69,1211.89,1563.78,
1668.18,947.095,3002.51,1221.54,
1668.67,1383.59,1775.46,1955.35,
1668.98,1048.91,2754.49,1884.32,
1669.35,2493.31,2704.54,1666.42,
1671.09,2695.5,2873.29,2520.29,
1671.18,1386.36,2326.01,1842.13,
1671.93,2715.92,2196.57,1638.07,
1672.39,2707.65,1658.45,1318.6,
1672.59,1257.77,3977.03,1212.64,
1672.61,2704.08,2804.42,1407.7,
1673.06,1369.32,1257.36,2154.75,
1673.89,2828.66,2333.31,1491.83,
1675.76,2292.99,2851.22,1507.85,
1676.47,2852.83,608.407,1382.08,
1676.47,2852.83,608.407,1382.08,
1677.95,1159.36,2826.94,2092.31,
1678.12,1328.15,746.334,2050,
1679.4,2795.77,2741.62,1946.5,
1679.69,883.332,3318.21,2093.38,
1679.91,2788.28,2744.7,1908.57,
1680.5,1445.96,1600.7,1090.17,
1681.58,1158.83,1845.64,1801.69,
1681.96,1765.51,1888.48,1000,
1682.3,2046.21,325.57,2053.4,
1682.48,1749.79,2728.23,1161.52,
1684.4,1926.55,3330.53,1714.56,
1684.51,1225.54,1384.4,1337.85,
1684.88,2795.1,2553.98,1906.49,
1685.27,1930.15,1536.48,1524.21,
1685.34,2128.56,1853.11,448.323,
1685.99,1396.62,2956.4,1980.31,
1686.01,2756,2756.96,1915.17,
1686.06,2827.75,2750.99,1915.95,
1686.23,2290.2,2861.42,1505.72,
1686.61,1109.88,1251.42,2698.81,
1688.38,2627.89,2812.29,1809.91,
1688.38,2627.89,2812.29,1809.91,
1691.63,2788.03,2752.47,1941.45,
1692.86,2791.61,2753.34,1944.62,
1693.94,2764.52,2755.18,1921.95,
1694.08,2953.4,2805.77,2727.13,
1694.51,2751.31,2753.34,1944.62,
1694.71,277.775,2661.93,2438.13,
1695,2781.82,2755.49,1936.84,
1695.09,1685.57,3320.41,1641.87,
1695.25,275.655,2484.64,1851.94,
1695.64,621.719,3936.75,2736.86,
1697.31,2795.61,3766.94,2568.64,
1697.73,722.324,1796.46,2181.95,
1697.96,913.07,3670.88,2922.13,
1698.33,263.627,1269.02,1743.18,
1698.94,463.17,3768.68,1955.06,
1699.67,1926.97,1618.91,559.624,
1701.01,2420.33,3079.78,1644.14,
1704.48,390.307,3944.39,1876.18,
1704.61,553.266,1177.11,2273.69,
1705.07,644.367,1856.33,605.867,
1705.15,2091.19,2186.88,1698.85,
1705.2,1289.49,1064.52,1109.43,
1705.41,1953.63,3006.32,1145.85,
1705.56,848.79,1726.46,1403.11,
1706.17,584.019,473.461,1364.96,
1707.61,2607.51,725.3,1424.88,
1709.89,175.591,2160.85,452.921,
1710.43,990.102,3368.01,1937.18,
1712.54,402.845,2942.78,1877.36,
1712.86,147.314,2145.17,887.439,
1713.03,479.709,1707.99,1324.15,
1713.82,2423.78,2848.64,1634.13,
1713.82,2423.78,2848.64,1634.13,
1714.05,2619.54,2754.28,1794.58,
1715.43,2316.35,2832.72,1529.84,
1716.2,1264.46,1319.05,1891.31,
1716.8,759.023,2134.95,1170.01,
1716.9,928.062,976.669,1371.01,
1718.35,2440.1,2852.79,1648.98,
1718.67,2424.04,2852.82,1634.58,
1719.63,1756.64,1795.52,1385.59,
1721.75,2680.34,3759.61,2259.88,
1723.93,498.882,1357.65,2200.18,
1724.46,2707.05,2044.53,1545.06,
1724.56,2316,2122.33,1507.95,
1727.55,910.044,2660.46,2485.81,
1727.81,1737.58,883.949,1646.6,
1729.71,1062.61,1692.98,546.805,
1731.77,1728.28,2852.82,1634.58,
1731.92,1398.5,2206.28,1523.95,
1733.51,2294.98,2127.45,1508.25,
1734.05,442.23,106.505,1435.56,
1734.46,896.358,1625.16,2349.16,
1735.29,2892.88,3039.77,1511.72,
1736.34,2705.63,2807.99,1879.78,
1737.47,2620.47,1897.52,1007.66,
1738.36,1054.87,3079.63,2550.01,
1738.78,2341.18,2895.41,1558.64,
1739.89,2059.92,2440.38,1836.98,
1740.2,1814.11,2692.91,1758.85,
1741.41,2797.48,80.9892,1450.69,
1741.69,2926.86,2248.48,1988.11,
1741.77,2025.39,1992,1505.07,
1742.59,2801.84,2507.96,1912.34,
1743.07,2481,2853.44,1690.17,
1743.14,1235.82,1909.37,1773.03,
1743.93,723.681,1838.1,1027.93,
1745.36,2286.46,2010.88,1561.01,
1745.75,2023.68,1995.27,1504.06,
1746.34,2795.85,1191.8,1524.27,
1747.05,1899.53,1799.04,1127.39,
1747.43,2189.63,1924.01,1590.66,
1747.81,306.301,1915.71,1478.83,
1747.89,832.997,3748.61,2877.19,
1748.68,326.604,2436.75,1178.16,
1748.78,326.998,2436.75,1178.16,
1749.94,2935.9,1914.8,1336.86,
1751.06,308.691,768.098,1333.55,
1752.15,1125.81,1004.76,2202.65,
1752.24,2573.32,1809.01,2633.03,
1755.44,2450.15,3653.24,1715.88,
1755.74,1852.81,1471.07,1071.91,
1756.5,2479.3,2866.6,1689.39,
1756.5,2479.3,2866.6,1689.39,
1756.78,1108.81,1723.88,466.134,
1757.4,2453.59,2359.78,1847.48,
1757.66,875.566,2149.16,1657.75,
1759.38,1914.99,3361.22,2729.14,
1762.83,2624.68,878.54,2152.09,
1765.43,2453.62,2353.32,1847.78,
1765.84,889.656,1465.15,1218.12,
1766.13,2663.98,1211.83,2510.96,
1766.18,2096.01,3569.7,1902.42,
1767.8,2623.62,1017.69,2104.9,
1768.44,616.889,3054.53,2557.54,
1769.45,2298.36,3084.06,1523.82,
1770.43,938.426,2929.56,2756.71,
1771.04,673.013,1351.11,2276.25,
1772.31,658.377,1351.11,2276.25,
1773.04,2423.42,2907.8,1638.71,
1773.72,2457.27,2882.71,1667.2,
1774.51,2735.18,2830.4,1912.02,
1774.84,2805.69,3760.79,2390.16,
1774.88,629.404,1853.4,1246.54,
1775.19,2777.12,2555.16,2452.09,
1777.44,2372.74,2933.05,1590.52,
1778.04,2867.59,3457.65,2647.79,
1778.61,2121.57,1802.11,1603.94,
1778.86,331.654,2035.65,621.482,
1778.91,498.086,1692.09,823.55,
1779.73,2316,2957.33,1536.08,
1780.59,2873.76,2606.69,1770.19,
1781.18,2814.72,2825.53,1974.44,
1781.43,2462.02,2915.44,1674.03,
1782.38,1769.91,1767.69,1534.59,
1784.67,2816.64,2828.6,1976,
1787.51,2440.82,2633.22,1639.48,
1788.12,2438.57,2922.63,1653.4,
1788.15,2557.51,2390.83,1315.59,
1791.9,1402.29,2001.65,993.555,
1792.47,2816.36,2607.83,1839.11,
1793.1,781.203,1861.62,1601.33,
1795.98,2815.02,2838.9,1976.49,
1795.98,2815.02,2838.9,1976.49,
1796.2,2881.98,570.456,1391.92,
1796.22,620.655,3753.18,2800.47,
1796.4,1001.53,2595.91,1153.47,
1796.45,2533.69,2873.47,1742.65,
1796.8,2471.45,2879.4,1726.72,
1796.93,2802.3,2840.08,1966.09,
1797.28,641.268,3979.47,1232.67,
1797.83,2657.08,2850.22,1848.22,
1799.54,2530.55,2876.01,1740.18,
1799.62,2805.08,2842.12,1968.67,
1802.68,2515.02,2879.4,1726.72,
1802.79,2573.33,2934.89,1774.45,
1803,2802.23,2845.17,1966.81,
1803.25,2457.36,900.825,1635.02,
1804.07,2465.1,2883.74,1675.09,
1804.43,2113.7,1734.33,621.016,
1805.18,1980.04,1199.68,1627.76,
1805.54,2773.03,624.709,1483.54,
1806.69,2110.81,1340.53,1755.45,
1808.88,2793.46,2854.64,1961.06,
1808.9,2071.95,3931.66,2300.42,
1809.84,2705.79,3179.67,1682.09,
1813.09,2259.1,2146.38,2565.78,
1813.51,2645.42,2595.8,1825.86,
1816.57,2782,2860.93,1953.15,
1818.96,172.654,3197.92,1724.29,
1819.29,2703.45,2867.2,1889.16,
1822.38,2288.01,3367.68,1527.55,
1822.64,2268.92,3466.95,2336.43,
1823.53,2801.84,1053.73,1497.98,
1824.56,952.322,1883.64,1205.85,
1825.36,2289.52,3003.36,1513.17,
1825.36,2289.52,3003.36,1513.17,
1825.43,997.861,1389.67,1144.48,
1831.37,2049.08,934.058,1133.86,
1831.49,2299.19,3008.93,1522.03,
1831.92,1214.82,795.269,2080.37,
1832.1,2650.02,2883.08,1846.36,
1832.11,2297.68,3010.13,1520.7,
1834.39,1031.42,3099.11,1649.39,
1835.05,2654.09,2885.19,1850.13,
1835.63,1137.98,2113.79,868.597,
1835.98,2199.29,2863.48,2779.9,
1836.98,2559.31,1143.57,1422.5,
1838.01,2310.26,3046.04,1596.82,
1838.21,2650.16,2888.08,1846.83,
1838.95,2660.39,2886.55,1855.79,
1840.86,2826.33,1515.58,1478.17,
1842.05,1196.9,1737.36,546.903,
1844.22,1898.44,2918.94,2063.91,
1845.16,2437.11,2922.63,1653.4,
1845.94,2851.24,1729.98,608.303,
1846.37,2439.29,2514.55,1633.35,
1846.39,395.077,1912.04,1916.16,
1847.11,2899.99,1076.39,2195.92,
1848.48,1982.91,1807.81,598.897,
1848.93,1062.44,1919.86,2582.55,
1850.19,2814.88,2893.06,1984,
1851.18,2287.79,1222.96,1717.65,
1852.35,2293.55,1892.23,708.9,
1853.17,2961.72,1216.67,1411.03,
1854.62,2424.99,2411.81,1615.51,
1855.38,2656.81,2904.02,1854.56,
1855.77,2801.84,2840.08,1966.09,
1855.89,2303.06,865.188,1578.05,
1860.48,2769.93,2955.68,1955.91,
1860.77,2459.7,2129.52,397.148,
1862.4,2749.71,2891.44,1928.8,
1863.47,2928.55,2893.34,2074.41,
1864.15,1364.24,1865.89,1229.86,
1865.3,1857.08,2975.36,1519.24,
1866.69,2931.32,2895.96,2076.71,
1867.06,1430.38,1582.02,1864.02,
1867.88,2673.05,2910.95,1869.9,
1869.14,995.713,2473.68,2972.27,
1875.71,1994.18,3381.02,1588.73,
1877.6,241.812,1811.07,715.644,
1877.8,1096.08,2087.17,2757.98,
1877.95,450.513,2787.53,1845.53,
1878.14,2904.01,2912.65,2058.35,
1878.53,486.458,3705.24,1755.04,
1879.18,2955.52,2911.35,2098.03,
1881.52,2424.31,3427.96,1677.17,
1881.7,2906.07,2916.21,2060.07,
1883.31,1337.93,1921.08,1976.83,
1883.69,1371.37,485.69,1588.52,
1884.2,1366.75,2078.58,1076,
1885.02,1251.76,2094.17,1078.33,
1886.17,2902.87,2919.4,2056.08,
1886.97,1152.14,2404.71,2074.77,
1887.72,948.966,1470.24,1220.45,
1888.47,1099.37,3553.62,2906.08,
1889.86,2872.35,2926.41,2034.83,
1890.41,959.397,2966.11,2562.86,
1890.88,2386.39,3042.84,1612.38,
1891.04,1374.27,2083.78,1079.82,
1891.28,956.651,2607.85,2434.61,
1891.87,2420.54,3639.61,1549.88,
1892.64,500.391,3851.06,1744.52,
1893.27,1057.09,1600.98,1412.68,
1893.42,2930.5,2924.06,2080.44,
1894.63,2838.84,2931.84,2008.96,
1895.68,747.362,3030.98,2058.47,
1895.74,672.628,1884.88,543.385,
1895.8,2814.21,3944.39,1876.18,
1895.96,1053.35,627.79,1284.84,
1896,747.273,3030.98,2058.47,
1896.37,2872.15,2931.94,2035.55,
1897.67,1283.3,1768.4,1047.28,
1897.74,2668.6,2972,1986.94,
1898.65,880.556,1711.01,633.301,
1898.81,694.413,1052.51,1617.36,
1899.14,2455.23,3035.08,1678.11,
1901.16,2561.18,2575.24,1736.81,
1901.18,2929.39,3501.88,2093.03,
1901.72,2435.48,3037.85,1660.14,
1902.44,415.469,771.771,1335.07,
1902.72,2385.03,3055.8,1612.34,
1904.41,923.077,891.068,2193.52,
1905.21,855.846,1514.8,1315.84,
1905.56,1339.99,2108.76,1075.6,
1906.15,2282.56,2035.71,1953.46,
1906.91,549.003,1789.67,1006.08,
1906.91,549.003,1789.67,1006.08,
1907.32,610.976,1937.17,774.982,
1907.6,2956.58,2934.74,2103.38,
1909.58,1887.21,1789.41,1586.59,
1909.78,2561.95,2583.81,1740.56,
1910.58,2451.59,3047.25,1675.71,
1910.66,1377.94,2108.76,1075.6,
1910.72,2283.37,3137.81,1513.98,
1911.13,2947.83,2939.18,2097.15,
1913.1,1285.26,714.967,1323.69,
1914.08,2281.12,3141.33,1511.19,
1914.29,2799.51,2949.58,1979.67,
1915.04,493.872,1777.31,2553.61,
1915.39,2667.8,2957.31,1871.09,
1917.28,2804.01,2952.03,1983.87,
1917.53,2225.71,2813.14,1417.66,
1920.63,2945.85,2952.27,2097.68,
1920.98,2799.55,2900.09,1973.14,
1922.16,2938.35,2951.72,2092.45,
1922.18,689.224,1088.55,1405.04,
1922.33,2665.1,1723.21,413.545,
1922.4,2659.47,2967.27,1864.72,
1922.5,2673.09,2962.81,1876.35,
1923.15,2657.24,2970.47,1864.44,
1923.77,684.419,14.9719,1687.94,
1924.13,934.543,1802.03,2742.39,
1924.63,2462.95,877.79,2961.06,
1924.98,795.769,2325.6,2155.54,
1925.4,1023.41,1433.4,2174,
1925.43,2822.13,2869.17,1987.14,
1925.43,2822.13,2869.17,1987.14,
1925.7,1027.55,1232.77,1633.59,
1926.42,2814.26,2963.28,1994.23,
1927.92,2545.44,3062.27,1760.59,
1927.92,2545.44,3062.27,1760.59,
1928.21,2576.29,2155.08,410.697,
1929.39,2676.4,3213.78,1468.37,
1931.86,2462.55,3068.01,1688.03,
1932.04,2565.23,3065.33,1781.45,
1932.68,1135.49,1793.95,1006.38,
1935.73,2555.86,3069.9,1772.35,
1936.09,344.927,825.452,1287.4,
1938.73,2574.04,3071.26,1789.86,
1939.11,2468.98,3075.97,1694.18,
1939.23,2454.77,3076.97,1681.42,
1939.4,2518.53,3074.41,1740.28,
1939.42,739.588,2469.53,2976.6,
1940.82,2414.33,3079.78,1644.14,
1942.66,1208.05,3215.35,1344.39,
1943.13,2712.32,887.306,1404.98,
1943.71,2485.04,3079.66,1709.32,
1943.94,2292.07,3882.98,1566.2,
1944.35,2786.34,3174.32,1787.04,
1945.48,2653.73,2991.87,1862.97,
1945.54,2656.99,2991.35,1866.39,
1948.52,2709.96,2991.13,1910.51,
1949.15,2504.32,2230.58,1710.87,
1950.7,2636.52,1718.79,1747.54,
1951.06,2720.35,2992.03,1919.76,
1951.54,2605.98,2996.94,1826.74,
1952.36,2450.06,3092.07,1677.2,
1953.33,2183.44,3781.88,2521.94,
1954.22,2295.19,2867.84,1515.66,
1954.31,2839.58,3179.67,1682.09,
1955.36,2098.9,1268.23,1718.58,
1955.64,1350.11,1768.38,1032.5,
1955.73,2559.14,3094.12,1777.65,
1956.84,2716.13,2996.19,1916.34,
1958.19,2644.64,2663.94,2727.52,
1958.61,2927.26,2982.55,2088.33,
1958.61,2927.26,2982.55,2088.33,
1958.81,2075.94,1715.45,415.094,
1959.83,2065.37,2883.74,1675.09,
1960.53,1274.73,1222.87,1878.62,
1960.57,2562.73,3097.89,1781.82,
1961.1,2069.42,1794.82,990.273,
1961.25,2924.41,2985.63,2086.64,
1961.64,2449.56,3100.61,1678.13,
1962.15,2045.74,1892.03,2580.52,
1964.29,2452.11,3103.32,1681.06,
1964.33,2847.88,2282.71,1631.98,
1964.34,2927.18,2988.61,2089.7,
1964.47,2644.74,3013.17,1857.44,
1966.11,2418.91,3639.61,1549.88,
1967.98,2706.49,3008.64,1910.45,
1968.94,2650.98,3015.64,1863.28,
1971.21,2704.59,3011.73,1909.13,
1971.96,2045.41,1480.94,1488.17,
1973.62,1377.04,2004.69,487.642,
1974.36,2709.85,3014.16,1913.75,
1975.79,2124.34,3488.6,1535.57,
1976.87,1132.18,1616.22,1158.53,
1978.59,2640.89,3028.56,1856.14,
1979.97,2842.09,3024.42,1911.02,
1980.65,1366.62,452.436,1544.25,
1980.77,2898,3760.79,2390.16,
1981.69,2664.94,3023.32,1877.23,
1984.2,1277.59,2620.54,1429.48,
1984.32,2704.17,3024.42,1911.02,
1985.36,2929.13,3015.67,2096.15,
1985.42,2713.35,3029.59,1922.44,
1985.53,2839.99,3031.18,1909.65,
1985.77,678.658,2138.26,932.584,
1986.61,682.189,3254.8,1137.55,
1987.01,2786.41,3023.6,1979.37,
1990.09,2701.61,3031.18,1909.65,
1991.76,2291.85,2625.3,1521.62,
1992.08,2014.48,1967.78,2280.69,
1992.53,2662.6,3034.65,1876.38,
1993.6,1042.69,556.073,1476.86,
1993.79,2311.22,3080.39,1540.68,
1995.14,2355.54,3163.88,1590.59,
1995.17,2079.17,2998.76,2753.81,
1995.7,2665.33,3037.05,1878.89,
1997.94,2421.35,3140.68,1655.93,
1997.94,2750.34,2987.1,1962.98,
1998.09,2417.79,3140.7,1652.67,
1999.45,1124.66,857.128,1641.41,
1999.9,2664.54,3042.02,1878.84,
2000.46,2221.46,3244.66,1450.4,
2001.71,1300.09,1907.14,1006.99,
2002.1,1948.01,1886.87,2158.36,
2002.11,710.612,1364.94,1742.33,
2002.12,2273.59,2063.75,548.563,
2004.43,1252.14,1802.8,2900.82,
2005.11,2591.37,3135.49,1813.19,
2005.25,2646.99,3052.93,1864.66,
2006.5,577.861,2787.53,1845.53,
2006.94,1062.09,1007.4,1703.22,
2008.72,2064.55,3255.34,1247.31,
2008.95,2664.07,3051.07,1880.14,
2010.54,2860.5,1894.17,911.661,
2011.75,1304.84,2078.28,1551.47,
2013.02,1129.06,1940.85,808.574,
2016.67,1142.82,1625.69,1340.71,
2019.86,1256.11,1982.13,580.536,
2019.86,1256.11,1982.13,580.536,
2021.8,2788.55,3056.6,1988.16,
2022.02,2732.98,3095.08,1940.68,
2022.02,2732.98,3095.08,1940.68,
2022.52,2738.46,3094.96,1946.96,
2024.02,2520.45,3132.53,1744.06,
2024.62,1117.55,2132.87,907.77,
2025.03,2764.7,2718.13,1841.59,
2025.05,2730.02,3098.19,1939.2,
2025.86,2051.82,1247,1127.36,
2026.09,1208.99,923.388,1105.71,
2027.47,1346.21,3703.88,2198.82,
2028.88,2244.64,3266.54,1475.22,
2029.05,1312.29,971.957,1463.16,
2029.56,2236.65,3269.09,1467.22,
2030.01,2556.92,1018.54,1390.96,
2031.6,826.618,2626.04,1221.91,
2031.79,2239.64,3270.9,1470.32,
2033.24,2448.66,2147.14,582.137,
2033.88,1266.64,1064.13,2204.04,
2034.5,2420.86,3355.54,1671.38,
2034.79,1235.98,676.466,1507.56,
2034.88,585.182,2067.56,1787.56,
2035.15,2678.39,3136.69,1894.9,
2037.45,1148.17,2891.2,1635.45,
2038.58,1151.32,1317.02,1889.65,
2038.98,2807.91,2193.36,2462.89,
2040.04,2290.03,3280.87,1529.55,
2041.15,2743.64,3297.48,1137.52,
2041.73,2772.16,2051.53,1599.3,
2042.99,1949.06,1925.83,846.355,
2043.31,1306.63,938.775,1959.82,
2045.45,2468.75,2558.92,2005.76,
2046.72,622.931,3032.11,1512.45,
2049.95,2680.18,3152.66,1898.98,
2052.76,2686.54,3151.48,1904.28,
2052.78,2683.05,3153.85,1901.52,
2053.13,2271.71,844.675,1381.82,
2057,2019.46,1270.12,1320.7,
2065.4,769.538,3938.14,1876.93,
2065.7,758.558,3214.11,1457.25,
2067.41,2262.7,2983.18,2702.25,
2068.78,2484.31,3167.42,1719.84,
2071.14,1950.64,2584.15,2534.01,
2071.16,645.487,1919.65,1481.39,
2072.33,2749.53,3151.13,1963.74,
2072.86,2434.31,3176.15,1672.34,
2073.7,465.41,3606.56,1961.3,
2074.04,2407.5,3174.86,1654.3,
2074.78,1952.39,1429.62,1914.93,
2074.84,2713.18,3155.02,1920.32,
2080.62,914.071,1612.17,964.319,
2080.87,2448.08,2857.04,1755.98,
2081.44,2404.6,3184.92,1651.45,
2081.46,2269.88,3184.92,1651.45,
2082.25,1988.49,3183.03,1772.02,
2082.62,1951.98,1696.1,910.451,
2083.04,2725.39,820.517,1466.68,
2083.26,2407.87,3186.91,1655.42,
2083.86,2240.8,3262.72,1383.54,
2083.98,2745.87,3163.15,1961.13,
2084.24,2072.05,2535.51,2348.02,
2086.05,2315.75,3192.2,1615.67,
2086.05,2315.75,3192.2,1615.67,
2086.06,2658.82,3171.35,1884.34,
2086.12,2365.07,3192.2,1615.67,
2086.67,2749.08,3165.64,1963.77,
2086.95,2411.53,3189.49,1659.47,
2087.22,2144.63,3209,1391.52,
2087.36,2502.76,587.114,1999.33,
2087.49,2211.49,3209,1391.52,
2087.71,2662.32,3173.02,1888.56,
2088.98,1247.58,2039.77,489.813,
2089.55,2649.15,3175.76,1877.71,
2092.07,2321.12,3199.31,1622.29,
2092.18,2489.12,3190.67,1731.32,
2092.18,2489.12,3190.67,1731.32,
2092.32,2715.13,3173.7,1944.7,
2092.34,2426.42,3195.84,1670,
2092.73,2371.76,3199.31,1622.29,
2093.12,1117.14,2158.72,482.543,
2093.68,2336.48,614.307,1977.78,
2093.91,2314.97,3201.7,1615.52,
2094.58,2364.32,3201.7,1615.52,
2095.8,2698.44,3179.13,1921.2,
2096.07,2706.81,3178.96,1928.93,
2096.28,2754.29,3175.2,1970.04,
2096.4,1978.37,2883.92,1862,
2096.6,2265.26,3813.02,2185.56,
2096.89,2748.84,3177.69,1965.51,
2096.89,2748.84,3177.69,1965.51,
2097.07,1972.95,1800.54,1811.31,
2098.83,2575.23,3191.41,1811.57,
2099.17,2474.12,2483.47,2586.39,
2099.37,2114.38,1888.14,1699.25,
2100.54,2738.87,1803.49,2612.64,
2100.57,2746.33,3181.16,1963.48,
2101.07,2714.38,3184.99,1933.23,
2102.4,2581.25,3194.8,1817.6,
2108.02,2473.41,3346.57,1724.03,
2108.12,2480.01,3211.31,1721.27,
2113.96,2139.5,1182.93,1715.96,
2114.43,2162.7,919.064,1689.61,
2114.44,2273.08,1575.41,1518.55,
2124.84,1897.71,2807.55,1405.22,
2125.53,2155.64,1708.44,1796.15,
2134.38,2143,3736.7,2858.07,
2135.52,2545.89,3245.32,1785.67,
2137.07,1917.42,1808.71,2332.85,
2142.65,2717.12,3237.18,1944.92,
2143.29,2541.18,3245.32,1785.67,
2146.34,2279.04,3362.63,1524.2,
2149.57,2025.77,2210.05,1522.29,
2149.68,2115.03,556.371,1431.11,
2151.99,2581.35,3297.14,1822.45,
2153.03,2883.95,3192.76,2087.19,
2154.2,2285.95,3370.81,1532.16,
2156.47,2733.89,3245.33,1961.33,
2158.45,2578.58,3305.35,1821.16,
2158.45,2578.58,3305.35,1821.16,
2160.17,2586.81,3304.13,1828.93,
2166.59,2713.27,3264.45,1944.82,
2169.22,2128.62,3228.16,1238.08,
2171.6,2465.46,3330.53,1714.56,
2172.5,1957.87,2020.21,559.596,
2174.33,2465.92,1532.44,1488.71,
2174.63,1954.41,2020.33,555.968,
2175.19,2587.72,3319.65,1833.7,
2176.93,2966.82,2570.37,2407.34,
2178.18,1907.85,829.387,1705.89,
2179.01,2463.74,3339.65,1713.58,
2179.35,2444.89,3341.61,1696.52,
2179.79,2803.99,3216.14,2147.09,
2181.38,2344.47,2287.58,1560.23,
2182.25,2573.6,3332.01,1819.5,
2182.9,2133.01,2617.58,1543.11,
2183.47,2105.31,987.016,1472.92,
2183.76,2856.04,3233.2,2069.5,
2184.21,2877.46,3226.33,2087.32,
2184.92,2873.66,3228.27,2084.41,
2185.43,1912.85,1889.99,703.521,
2186.6,2867.73,3232.26,2079.82,
2187.3,2443.58,2933.51,2013.18,
2189.53,2181.81,3256.66,1378.51,
2189.6,2417.82,3355.54,1671.38,
2190.59,2288.1,3213.99,1251.44,
2193.5,2760.8,3276.23,1990.84,
2194.97,2856.28,3244.23,2072.14,
2198.94,2943.96,1825.18,568.771,
2199.66,2349.81,1741.35,1586.83,
2201.47,2853.47,3249.42,2069.66,
2201.49,2799.39,304.816,2012.94,
2201.66,2569.89,3354.86,1818.68,
2205.22,2858.41,3253.08,2074.79,
2207.18,2861.67,3254.69,2078.33,
2208.21,2641.18,3517.63,1142.37,
2208.97,2567.19,3364.04,1817.27,
2214.16,2803.92,3281.12,2030.8,
2214.85,2797.65,3284.57,2026.29,
2216.19,2793.28,3287.51,2022.36,
2216.23,2633.51,3348.04,1880.48,
2218.27,2898.28,3254.37,2110.5,
2220.04,2412.59,3273.59,1660.72,
2222.19,2777.14,3300.03,2009.61,
2223.2,2881.58,3264.06,2097.61,
2224.3,2886.2,3264.18,2101.53,
2224.41,2333.99,3477.15,1591.88,
2224.64,2735.9,3359.01,2016.92,
2225.68,2874.32,3269.46,2092.53,
2225.71,2843.91,3279.76,2066.48,
2226.13,2574.66,3379.71,1826.5,
2226.86,2856.01,3276.57,2077.12,
2227.45,2774.95,3306.49,2008.67,
2228.39,2287.2,3461.67,1539.07,
2228.39,2287.2,3461.67,1539.07,
2228.47,2804.89,3296.84,2034.93,
2229.13,2333.21,3436.35,1588.12,
2229.38,2843.99,3283.17,2068.18,
2229.38,2843.99,3283.17,2068.18,
2230.92,2583.8,3381.32,1835.54,
2231.01,2551.83,3390.38,1806.07,
2231.51,2855.19,3281.08,2077.78,
2233.35,2336.83,3441.26,1592.93,
2233.99,2689.39,2614.41,2010.36,
2238.72,2674.92,3357.43,1921.8,
2239.44,2349.18,2361.2,1826.86,
2243.22,2837.13,3299.7,2064.41,
2244.41,2590.16,3394.15,1844.18,
2246.01,2840.58,3300.94,2067.72,
2247.58,2845.33,3302.27,2072.09,
2249.03,2580.55,3402.17,1837.39,
2249.99,2557.2,3406.31,1812.59,
2252.7,2688.77,3368.01,1937.18,
2253.52,2169.72,2141.05,1292.88,
2254.04,2553.4,3411.45,1809.68,
2255.4,2411.82,3373.93,1667.97,
2255.91,2781.5,1293.26,1351.01,
2256.04,2843.69,1773.49,2926.89,
2258.16,2558.73,3415.62,1815.97,
2261.83,1960.11,1402.34,1798.79,
2264.75,2536.17,3433.7,1793.65,
2264.97,2699.18,3376.55,1947.2,
2265.1,2873.28,2132.13,560.546,
2265.54,2927.35,355.594,2287.27,
2266.42,2749.67,1445.46,1455.22,
2266.79,2785.5,3597,1915.58,
2269.26,2574.45,3421.78,1832.86,
2272.47,2824.54,1569.15,1417.28,
2272.59,2464.5,3438.09,1725.33,
2273.3,2713.54,3382.02,1962.48,
2277.68,2717.23,3386.03,1966.6,
2279.68,2710.09,3389.96,1960.27,
2281.09,2723.55,3386.82,1972.11,
2281.63,2056.19,978.009,2318.36,
2282.42,2720.56,3389.92,1970.2,
2282.8,2277.68,1914.56,562.072,
2283.8,2416.26,3468.91,1680.25,
2284.48,2363.41,3735.43,1641.95,
2286.75,2964.54,855.634,1709.77,
2287.9,1961.23,3377.94,1139.29,
2288.96,2150.83,1734.06,1538.77,
2289.86,2885.65,3333.47,2113.34,
2290.3,2629.95,3428.87,1888.09,
2292.12,2871.37,3340.54,2101.99,
2292.43,2889.89,3333.96,2117.12,
2292.94,2363.19,3744.73,1642.6,
2294.37,2731.48,3399.5,1982.23,
2295.36,2749.82,3392.87,1998.36,
2296.37,2886.08,3339.47,2114.9,
2297.31,2528.64,3471.27,1793.07,
2298.43,2721.99,1924.09,1341.58,
2298.58,2350.52,3521.21,1613.34,
2300.27,2725.87,3407.31,1977.71,
2300.92,2733.55,3405.64,1984.45,
2301.83,1958.43,3402.92,1135.37,
2302.28,2730.4,3407.92,1982,
2302.72,2895.97,3342.83,2124.01,
2303.2,2794.49,1882.75,1722.37,
2303.27,2848.15,3361.07,2084.8,
2303.3,2440,3489.84,1706.39,
2304.12,2874.39,3352.58,2106.58,
2304.4,2469.57,3488.36,1735.88,
2305.22,2738.23,3408.94,1989.46,
2305.39,2941.23,3329.12,2161.45,
2308.08,2280.52,3563.77,1539.11,
2308.99,2877.82,3356.26,2110.71,
2309.9,2732.51,3415.46,1985.11,
2309.9,2732.51,3415.46,1985.11,
2310.43,2537.14,3487.25,1803.02,
2311.98,2748.86,3413.5,2000.88,
2313.62,2738.74,3418.25,1991.87,
2313.89,2873.88,3363.79,2108.1,
2314.03,2533.94,3491.46,1800.29,
2314.03,2533.94,3491.46,1800.29,
2314.35,2538.29,3491.49,1804.37,
2314.6,2863.42,3367.98,2099.81,
2316.9,2614.66,3463,1877.32,
2317.57,2531.57,3494.86,1797.44,
2317.94,2870.86,3369.06,2106.41,
2318.49,2863.85,3372.53,2100.61,
2319.07,2886.37,3364.07,2119.29,
2320.13,2745.33,3422.81,1998.43,
2321.53,2753.54,3421.22,2006.32,
2322.38,2286.69,3581.05,1546.39,
2322.9,2614.65,3469.55,1878.95,
2324.51,2871.94,3375.91,2108.1,
2324.57,2475.53,3515.26,1743.96,
2325.57,2874.78,3375.87,2111,
2326.47,2412.49,3861.39,1709.43,
2327.27,2292.31,3587.79,1553.75,
2327.4,2878.88,3376.94,2114.93,
2327.4,2878.88,3376.94,2114.93,
2327.78,2347.31,2463.66,1553.82,
2329.95,2640,3470.07,1904.3,
2332.92,2280.95,3596.4,1541.76,
2333.13,2735.07,3440.21,1991.89,
2333.13,2735.07,3440.21,1991.89,
2333.18,2531.32,3516.55,1799.92,
2333.19,2417.44,3529.55,1687.49,
2335.45,2910.23,3373.54,2141.85,
2336.38,2529.88,3520.23,1799.01,
2336.38,2529.88,2198.82,2392.63,
2336.52,2549.88,3517.28,1818.65,
2337.49,2523.6,3522.02,1792.79,
2337.49,2523.6,3522.02,1792.79,
2346.88,2542.74,3527.7,1812.14,
2348.72,2547.85,2363.6,1839.96,
2349.02,2346.99,3966.51,1643.69,
2351.9,2888.6,3399.09,2127.68,
2351.91,2912.7,3390.18,2147.26,
2352.38,2882.08,3402.3,2122.32,
2354.28,2758.75,3457.34,2016.86,
2356.39,2954,3377.8,2181.67,
2357.61,2902.62,3399.79,2140.37,
2362.15,2915.68,3399.05,2151.2,
2362.46,2750.1,3469.67,2010.64,
2364.64,2624,2550.7,1179.84,
2365.37,2930.53,3397.4,2164.98,
2365.59,2463.37,3566.7,1737,
2367.3,2894.32,3414.12,2135.44,
2371.83,2914.42,3411.03,2153.21,
2372.45,2955.11,3395.28,2186.32,
2374.43,2924.83,3359.49,2113.97,
2376.58,2945.71,3402.68,2178.96,
2376.58,2945.71,3402.68,2178.96,
2377.37,2758.15,3483.94,2020.78,
2379.81,2936.56,3410.71,2172.67,
2386.27,2414.19,3599.02,1690.54,
2386.56,2950.97,3412.49,2185.54,
2388.02,2409.91,3529.75,1680.44,
2388.02,2409.91,3601.9,1686.52,
2388.14,1962.13,2107.46,1407.72,
2389.35,2411.92,3530.56,1682.81,
2389.58,2959.05,3412.12,2192.53,
2390.02,2953.84,3415.49,2188.85,
2391.68,2406.86,2590.95,2611.57,
2393.32,2374.55,2496.35,1533.83,
2394.23,2285.28,3897.3,1567.14,
2394.74,2955.82,3419.12,2191.46,
2395.33,2937.74,1889.24,2894.32,
2395.71,1960.62,1318.19,1888.42,
2396.65,2749.64,1188.53,2232.43,
2398.33,2952.23,3428.16,2190.28,
2399.51,2793.47,3495.41,2055.76,
2400.73,2941.89,638.596,2115.89,
2401.41,1963.59,2941.29,2503.34,
2402.92,2765.6,3510.29,2031.47,
2403.34,2773.84,3507.97,2039.71,
2403.92,2261.41,3756.68,1520.6,
2404.45,2587.03,63.811,1402.98,
2407.07,2751.12,1201.01,1139.17,
2407.63,2606.21,3568.74,1885.18,
2409.81,2948.12,829.387,1705.89,
2413.43,2426.8,3634.5,1706.68,
2413.49,2461.11,3628.36,1742.27,
2414.93,2424.87,2979.77,1656.82,
2415.43,2968.27,3440.69,2206.68,
2416.48,2733.27,3538.37,2005.33,
2418.84,2736.59,3540.05,2008.93,
2419.71,2285.04,3882.98,1566.2,
2421.12,2726.67,3544.51,2000.35,
2421.59,2616.03,3582.85,1896.56,
2423.89,2457.87,3643.64,1739.85,
2425.29,2352.73,1865.79,1369.96,
2428.05,2351.46,2540.81,1834.4,
2433.87,2408.83,3724.78,1696.69,
2434.1,2638.02,3173.02,1888.56,
2434.69,2415.47,3529.55,1687.49,
2434.82,2407.51,3869.88,1706.87,
2434.93,2411.45,3530.56,1682.81,
2436.88,2670.15,3586.97,1951.11,
2439.79,2206.67,3740.31,2037.65,
2441.5,2633.89,1938.62,1101.97,
2446.44,2462.06,3673.89,1746.91,
2449.55,2863.32,3522.75,2126.23,
2450.25,2866.82,3523.3,2129.6,
2450.25,2866.82,3523.3,2129.6,
2453.65,2330.44,3132.75,1571.02,
2455.54,2790.08,3565.69,2064.21,
2455.94,2459.86,3962.29,1771.14,
2460.51,2425.58,3697.92,1711.93,
2460.75,2279.59,3563.77,1539.11,
2460.75,2297.05,1847.41,1217.96,
2466.88,2628.53,3636.69,1916.1,
2469.04,2461.61,3703.13,1749.86,
2469.5,2347.73,3750.41,1629.98,
2473.81,2651.21,2664.79,1780.78,
2474.62,1963.19,3595.92,1139.98,
2476,2667.55,3635.22,1954.75,
2478.27,2901.59,190.51,2109.82,
2478.9,2408.03,3724.78,1696.69,
2479.9,2414.32,3724.57,1703.47,
2485.52,2921.57,171.011,1947.56,
2491.42,2624.75,3667,1918.2,
2492.07,2625.3,3667,1918.2,
2495.87,2454.57,3742.28,1747.08,
2496.17,2854.06,2812.29,1809.91,
2496.29,2290.28,3931.94,1577.47,
2496.86,2023.41,3071.24,1151.89,
2499.56,2691.21,3652.25,1984.71,
2500.04,2837.46,3598.3,2115,
2500.41,2908.79,3564.81,2175.35,
2502.79,2916.95,3563.29,2183.12,
2504.52,2906.62,3572.03,2175.68,
2508.89,2459.63,3759.57,1754.13,
2513.29,2693.03,3672.61,1986.5,
2513.29,2693.03,3672.58,1986.72,
2514.84,2284.39,3852.9,1564.11,
2514.84,2284.39,3852.9,1564.11,
2516.73,2630.28,3685.72,1926.63,
2519.44,2637.14,3688.21,1933.11,
2519.56,2633.4,3688.32,1928.56,
2519.58,2930.42,3576.24,2198.2,
2520.01,2297.64,2923.71,1639.62,
2520.38,2542.69,3131.7,1344.41,
2522.09,2913.47,2652.9,2009.22,
2522.28,2411.48,3932.27,1718.53,
2528.36,1983.86,52.2446,1661.55,
2531.02,2446.23,2288.55,1635.16,
2533.96,2549.02,3213.41,1384.29,
2534.53,2405.05,3803.46,1701.03,
2544.14,2677.08,217.442,1990.86,
2544.41,2284.22,3897.3,1567.14,
2547.19,2406.44,3740.46,1697.61,
2547.99,2453.67,3816.16,1753.86,
2551.76,2909.99,1829.47,1046.23,
2554.36,2434.51,3489.84,1706.39,
2554.41,2406.13,3566.73,1683.07,
2554.49,2648.47,3922.77,1151.86,
2557.54,2930.51,3623.58,2207.23,
2559.72,1965.99,3583.72,1925.67,
2560.88,2845.88,3672.57,2136.22,
2561.91,1978.31,2611.12,1886.34,
2563.39,2936.29,3627.89,2213.55,
2567.7,2378.99,1802.3,2734.91,
2572.49,2437.61,3714.26,1927.82,
2578.31,1965.97,825.43,2029.54,
2578.8,2239.56,3140.27,1523.13,
2579.91,2929.4,3654.44,2211.8,
2582.78,2950.47,3772.49,2830.4,
2583.44,2944.49,3650.16,2225.49,
2586.06,2296.33,2913.99,2527.93,
2586.82,2623.68,1776.29,2856.39,
2590.16,2462.44,3926.35,2099.63,
2590.17,2745.65,3858.67,2177.12,
2599.6,2600.06,2165.52,1803.71,
2599.67,2952.48,3666.37,2235.18,
2600.23,2955.7,3665.48,2238.59,
2601.56,2967.28,3659.99,2248.27,
2603.02,2824.6,2001.65,993.555,
2605.38,2600.97,3986.32,2946.79,
2606.24,2971.14,3664.56,2252.65,
2606.61,2451.6,3903.19,1761.14,
2607.15,2949.41,3678.42,2234.76,
2615.07,2311.34,1115.15,1725.81,
2616.05,2278.37,2454.51,1494.38,
2616.78,2461.8,3741.66,1757.98,
2617.26,2964.57,3682.56,2249.66,
2618.13,2383.76,3264.87,1620.37,
2623.27,2307.55,2802.13,2665.96,
2624.07,2776.08,2835.12,1212.45,
2630.15,2366.17,2163.12,1161.65,
2634.08,2696.13,1042.65,1755.23,
2639.86,2698.2,700.782,1728.47,
2641.35,2673.97,279.146,1735.59,
2646.87,2838.03,3762.63,2147.64,
2647.82,2833.08,3764.64,2141.82,
2648.04,2358.2,1403.04,1101.84,
2648.27,2450.52,3970.35,1767.59,
2649.99,2775.89,970.695,1654.91,
2660.01,2956.94,3747.3,2254.3,
2661.6,2405.21,2943.61,1640.9,
2662.92,2408.26,3355.54,1671.38,
2663.84,1969.9,1925.83,846.355,
2664.95,2403.69,3724.78,1696.69,
2666.51,2402.88,3869.88,1706.87,
2668.44,2234.26,1542.89,1972.12,
2669.41,2621.35,1962.02,1420.54,
2669.66,2943.49,2876.12,1352.65,
2669.69,2430.74,1638.34,1106.18,
2675.84,2851.91,3937.88,1930.8,
2675.84,2851.91,3937.88,1930.8,
2676.05,2233.93,3932.55,2781.79,
2676.05,2233.93,3932.55,2781.79,
2677.51,2902.79,2676.61,1206.05,
2678.84,2453.35,3222.19,2083.47,
2680.46,2628.96,1962.02,1420.54,
2682.38,2444.95,3688.21,1933.11,
2684.38,2170.33,124.964,1354.94,
2684.59,2451.07,3496.01,1726.18,
2686.49,2156.41,2596.5,1159.27,
2692.47,2453.15,1053.55,1741.4,
2692.66,2302.31,2897.6,1532.66,
2698.65,2362.06,2033.54,2586.89,
2700.84,2344.67,1157.34,1446.55,
2702.16,2402.66,3717.76,1695.97,
2703.06,2643.89,3067.51,1324.48,
2703.62,2517.42,3576.96,1777.99,
2706.27,1969.95,3598.47,1140.35,
2706.38,2407.37,3864.82,1712.44,
2709.46,2409.06,3724.57,1703.47,
2710.99,2451.47,3438.09,1725.33,
2714.17,2283.94,3713.81,1554.87,
2714.67,2852.25,3858.67,2177.12,
2715.84,2331.12,2764.77,2613.49,
2716.62,2295.51,1847.41,1217.96,
2717.85,2897.02,1215.49,1629.62,
2717.93,2233.58,1828,604.082,
2722.57,2656.82,1998.49,532.447,
2726.57,2540.65,1701.59,1414.37,
2727.57,2907.02,2899.53,1284.63,
2729.39,2401.08,2389.18,1609.22,
2734.02,2538.41,3974.8,2339.01,
2734.66,2356.68,2648.36,2593.28,
2738.96,2864.47,3916.3,2230.77,
2740.96,2330.15,553.792,1603.4,
2746.83,2278.51,3612.86,1542.76,
2749.2,2283.99,1157.73,1675.96,
2753.63,1973.04,3605.69,1140.9,
2753.92,2880.58,3922.88,2241.18,
2758.02,2911.31,3926.58,2258.95,
2758.03,2972.03,2982.14,2953.09,
2758.13,2884.62,3929.09,2248.84,
2758.6,2406.1,3864.82,1712.44,
2759.31,2876.79,2064.62,627.446,
2759.53,1973.48,1425.17,1912.29,
2762.8,2739.91,3848.08,2280.65,
2765.01,2340.88,3742.08,1574.77,
2777.09,2685.97,3920.97,1973.75,
2780.5,2688.56,3920.97,1973.75,
2786.96,2432.91,3080.68,1730.87,
2787.61,2922.63,3926.58,2258.95,
2788.39,2909.83,3929.09,2248.84,
2789.54,2400.95,3586.12,1684.66,
2790.59,1979.9,2672.74,1349,
2790.87,2914.85,3901.76,2226.07,
2790.9,2283.99,2533.28,1501.52,
2792.86,2453.2,3486.02,1731.01,
2793.61,2914.32,3934.65,2254.34,
2794.08,2267.23,1229.36,2090.32,
2795.8,2432.89,3027.79,1910.74,
2796.84,2980.79,2062.17,2502.97,
2797.71,2973.88,2530.18,1128.73,
2799.67,2449.12,700.448,1385.63,
2804.75,2407.33,3724.57,1703.47,
2806.24,2044.78,2401.67,2126.17,
2811.79,2294.85,3584.19,1916.57,
2815.83,2400.74,3740.46,1697.61,
2816.89,2295.12,3584.19,1916.57,
2816.91,2711.63,532.33,1470.57,
2820.58,2279.09,3612.86,1542.76,
2822.37,1976.03,3377.94,1139.29,
2823,2325.61,3485.9,1591.3,
2823.11,2283.97,3713.81,1554.87,
2825.88,1973.48,3605.69,1140.9,
2826.55,2926.54,2831.83,1212.59,
2830.1,2110.13,209.833,2474.49,
2844.84,2342.83,2461.54,1555.97,
2845.26,1978.05,3691.5,2690.9,
2851.53,2298.93,3962.56,1590.34,
2857.95,2405.17,1177.3,1567.13,
2861.57,2122.61,2858.02,1154.07,
2863.95,1974.69,3414.41,1131.72,
2864.11,2467.47,3372.56,1214.15,
2864.75,2521.4,998.34,1726.99,
2869.03,2340.79,2463.66,1553.82,
2871.11,2439.83,1198.87,1589.21,
2878.08,2846.28,3724.26,2621.38,
2878.34,2779.95,2593.72,1751.86,
2879.36,2868.6,3724.26,2621.38,
2879.36,2880.23,3724.26,2621.38,
2883.77,2845.74,667.154,1546.45,
2885.11,2395.55,2945.63,1635.85,
2885.67,2404.46,3932.27,1718.53,
2887.79,2418.99,2865.92,1652.38,
2887.79,2418.99,2399.56,1629.12,
2888.07,2483.03,3684.68,1938.11,
2892.11,2284.48,3555.78,1544.71,
2892.64,2867.74,2432.11,2030.66,
2899.54,2890.09,957.587,1103.81,
2901.9,2741.12,3933.63,2755.81,
2902.83,2478.04,3455.7,1907.2,
2908.1,2284.23,3952.05,1571.01,
2914.37,2450.93,2477.03,1118.4,
2915.05,2459.98,3211.31,1721.27,
2916.91,2831.45,2853.52,1365.08,
2917.31,2374.3,1005.65,1537.87,
2925.01,2935.12,438.965,1541.44,
2926.84,2457.67,3743.06,1763.71,
2927.27,2815.46,2912.65,2058.35,
2927.95,2720.39,1812.73,2909.35,
2928.81,2799.53,3696.75,2798.12,
2928.84,2793.39,806.007,1457.32,
2931.34,2779.15,1600.7,1090.17,
2934.82,2917.31,2485.51,2361.12,
2936.39,2978.34,3307.52,1521.83,
2944.6,2902.99,3807.95,1592.9,
2946.68,2327.95,1798.47,2276.35,
2959.64,2373.96,1022.08,1538.21,
2960.11,1976.12,1803.12,2853.07,
2965.15,2325.49,1269.34,2173.07,
2967.63,2313.84,668.079,1469.26,
2970.28,2801.44,2890.29,2076.56,
2974.02,2373.7,2773.38,1540.65,
2975.36,2806.06,1523.5,1573.09,
2975.6,2342.5,3686.68,1625.47,
2976.81,2402.43,3864.82,1712.44,
2976.81,2402.43,3864.82,1712.44,
2985.86,2426.74,1914.45,1926.63,
2987.52,2890.36,3539.35,2677.25,
2995.1,2823.06,3444.52,1600.37,
2995.59,2388.12,1814.44,639.897,
3001.03,2049.6,2551.19,1325.52,
3007.21,2280.43,3679.18,1546.96,
3009.09,2651.59,3685.43,2188.42,
3009.09,2651.59,3685.43,2188.42,
3011.03,2263.23,3194.05,2144.01,
3014.41,2374.41,2135.22,1249.15,
3014.65,2388.25,2019.65,1151.34,
3026.31,2064.72,1384.4,1337.85,
3032.87,2299.66,2398.49,1512.2,
3037.63,2277.59,2058.86,537.523,
3038,2296.73,1847.41,1217.96,
3051.07,2364.2,1740.42,545.843,
3051.56,2345.7,2049.58,484.688,
3054.71,2897.22,1792.62,444.497,
3066.65,2954.9,1208.36,1296.79,
3069.31,2767.38,2860.9,2094.86,
3070.38,2438.75,3569.41,2318.97,
3079.44,2888.69,2126,2579.59,
3080.91,2667.46,3761.62,2455.04,
3082.1,2617.89,3491.32,1898.01,
3082.41,2951.02,3762.63,2147.64,
3083.87,2517.89,3839.91,1916.85,
3086.27,2494.76,3850.35,1895.49,
3087.94,2281.36,3585.22,1541.22,
3089.06,2531.86,3426.54,2176.69,
3089.24,2503.13,3848.73,1905.9,
3090.49,1981.54,2842.51,1124.3,
3090.54,2729.3,3809.28,2106.86,
3092.41,2490.11,3836.37,2101.02,
3094.53,2500.74,3856.23,1903.34,
3100.17,2776.76,1248.45,1524.16,
3100.76,2286.35,3713.81,1554.87,
3100.78,2423.74,1626.2,1104.15,
3105.58,2342.48,3556.73,1615.95,
3108.49,2733.88,974.51,1325.49,
3116.96,2778.84,2901.39,1963.49,
3117.71,2786.96,3350.41,1695.99,
3117.71,2786.96,3350.41,1695.99,
3119.41,2765.28,1798.66,1537.92,
3126.34,2589.73,3863.3,2197.25,
3126.57,2902.42,2888.25,1957.82,
3133.78,2804.26,2365.67,1938.17,
3134.17,2744.24,2535.79,1526.18,
3144.46,2473.52,3770.91,2711.77,
3151.1,2400.13,3869.59,1711.2,
3152.19,2256.5,3403.22,2629.85,
3155.23,2596.68,1643.78,1461.89,
3159.63,2905.35,1288.13,1885.36,
3160.7,2827.67,1735.16,1927.53,
3161.26,2882.01,2853.52,1365.08,
3162.67,2778.8,2703.78,1775.21,
3171.6,2964.9,2186.6,1588.72,
3172.53,2446.02,3694.56,1747.66,
3173.6,2856.42,1925.25,1253.01,
3175.92,2579.79,943.777,1777.48,
3176.93,2586.88,687.393,1381.9,
3179.18,2234.46,87.8003,1327.44,
3180.96,2681.35,3887.65,1885.42,
3181.18,2279.31,3189.71,1642.06,
3182.42,2876.83,2467.97,2376.57,
3183.45,2292.93,3957.06,1578.99,
3185.65,2401.12,3929.8,1717.79,
3190.19,2461.56,1396.37,2290.94,
3191.29,2343.14,3889.34,1640.25,
3196.25,2298.38,2884.66,1974.84,
3200.08,2814.58,1938.95,1621.69,
3214.11,2925.9,2814.68,2628.8,
3214.25,2294.16,3957.06,1578.99,
3214.95,2484.8,617.973,1403.68,
3218.47,2828.62,1714.93,440.828,
3223.93,2329.87,689.688,1489.53,
3241.12,2712.77,1779.44,1158.76,
3242.32,2708.4,3859.74,2009.02,
3246.76,2289.09,3728.33,1555.8,
3248.37,2374.91,664.43,1471.35,
3253.02,1991.16,1936.22,1992.45,
3254,2888.51,1400.95,1418.49,
3260.14,2877.18,1917.99,1953.68,
3261.16,2973.49,1765.84,576.205,
3263.34,2839.17,967.763,2002.48,
3267.87,2289.6,3713.81,1554.87,
3268.8,2306.43,532.33,1470.57,
3271.67,2942.24,1764.17,1477.57,
3281.84,2951.44,3233.81,2321.56,
3290.01,2375.57,664.43,1471.35,
3296.99,2304.3,1034.86,1614.47,
3299.97,2277.89,1368.76,1106.07,
3311.55,2788.77,1211.83,2510.96,
3316.3,2814.28,1921.89,1588.69,
3320.62,2807.22,2802.71,1383.88,
3329.8,2886.62,1603.69,1852.09,
3334.11,2954.61,3714.26,1927.82,
3349.18,2815.98,1128.1,1501.3,
3350.57,2299.46,2395.32,1614.99,
3351.44,1983.29,3515.36,1139.02,
3353.97,2401.68,3864.82,1712.44,
3354.29,2898.02,1384.15,2192.97,
3366.63,2292.9,3882.98,1566.2,
3372.27,2829.66,1115.83,1438.77,
3381.45,2961.13,104.573,1408.49,
3384.04,2346.39,3556.73,1615.95,
3390.1,2770.43,1024.45,1485.79,
3400.46,2295.36,3064.21,1520.42,
3401.83,1994.08,3377.94,1139.29,
3402.54,2506.97,2293.5,2112.1,
3403.93,2768.3,891.782,1408.91,
3406.43,2854.44,2940.15,2502.68,
3409.1,2863.74,3602.44,1927.45,
3409.97,1995.57,1522.53,1104.89,
3411.07,2966.54,1830.35,828.515,
3416.08,2809.04,2196.57,1638.07,
3419.92,2878.07,2135.45,1609.51,
3420.02,2448.74,3486.02,1731.01,
3422.05,2842.34,1657.95,1306.71,
3424.36,2295.88,3555.78,1544.71,
3432.64,2430.78,3904.56,1637.7,
3433.05,2786.77,2768.34,1834.19,
3435.72,2701.67,1033.39,1538.93,
3436.62,2290.85,3571.82,1539.69,
3443.73,2805.33,2816.07,1415.91,
3450.77,2885.22,1400.95,1418.49,
3451.6,2895.03,1940.24,1618.35,
3459.89,2919.55,2838.57,2463.73,
3467.86,2817.39,1441.95,1081.6,
3471.74,2298,3897.3,1567.14,
3479.87,2994.82,2733.02,2532.85,
3480.89,2954.94,3903.19,1761.14,
3490.93,1997.92,2101.76,1411.2,
3491.87,2146.32,3567.82,2061.54,
3501.04,2299.49,3897.3,1567.14,
3501.08,2294.92,3679.18,1546.96,
3501.93,2750.83,2893.58,1818.35,
3508.63,2814.08,2816.07,1415.91,
3515.75,2836.87,1269.02,1743.18,
3519.05,2935.93,1203.2,1433.41,
3522.02,1994.97,2140.82,451.127,
3522.03,2505.59,2124.34,1794.62,
3523.8,1982.86,3915.36,1143.02,
3524.53,2244.67,3222.97,1299.9,
3527.77,1987.22,1714.95,357.705,
3532.4,2428.77,1626.2,1104.15,
3532.4,2428.77,1626.2,1104.15,
3532.9,1993.01,1443.1,1915.04,
3533.45,2334.16,1198.16,1519.59,
3533.97,2959.79,1583.91,1885.42,
3536.87,2331.05,1258.89,1562.28,
3536.92,2769.3,1052.52,1494.06,
3540.67,2505.35,3067.63,1319.01,
3547.19,2767.04,1594.52,1625.61,
3547.19,2767.04,1200.57,1327.26,
3552.51,2294.02,3932.92,2243,
3561.28,2884.47,176.374,1907.06,
3563.15,2405.66,29.9942,1633.4,
3565.29,2785.85,3290.11,2645.69,
3570.67,2868.27,608.49,1399.48,
3581.14,2959.17,343.875,1417.17,
3585.7,2300.25,3612.86,1542.76,
3603.65,2768.81,1052.52,1494.06,
3603.86,2963.04,2068.33,627.458,
3608.24,2896.04,3299.57,1628.86,
3622.55,2307.34,1676.65,902.225,
3623.71,2822.43,2757.99,1855.91,
3625.9,2889.82,3795.34,2513.83,
3635.96,2946.39,2938.14,1771.77,
3636.38,1991.54,2144.9,762.669,
3640.48,2439.73,1883.88,1422.62,
3641.38,2832.54,1950.99,1905.66,
3644.95,2408.95,3929.8,1717.79,
3650.58,2542.4,1552.14,1131.93,
3651.56,2597.73,656.911,2088.8,
3669.46,2507.62,2293.5,2112.1,
3669.68,2856.24,1739.15,990.879,
3671.9,2420.14,2633.53,1637.4,
3682.98,2918.03,3313.28,2849.13,
3687.92,2838.58,1180.38,2087.35,
3696.77,2887.97,2408.13,1827.68,
3704.87,2844.23,2580.84,1497.01,
3706.75,2823.58,3039.69,1950.29,
3715.67,2437.62,768.098,1333.55,
3728.11,2003.91,1366.97,1906.94,
3737.49,2377.92,3868.64,2690.12,
3746.43,2827.72,1940.24,1618.35,
3767.42,2884.86,3593.68,2140.39,
3769.26,2414.02,3929.8,1717.79,
3793.03,2315.24,3612.86,1542.76,
3803.8,2204.31,3853.86,2159.08,
3809.53,2211.61,2507.61,2197.65,
3821.39,2364.33,1492.42,1488.79,
3831.19,2960.04,2088.1,1103.97,
3836.34,2456.09,1598.47,394.913,
3838.41,2741.47,3963.28,2173.01,
3840.12,2783.66,915.56,1461.17,
3847.26,2741.6,2753.34,1561.56,
3851.31,2000.87,1703.84,1065.59,
3861.57,2418.75,3884.03,1714.22,
3873.69,2001.87,1845.53,1844.53,
3875.9,2006.13,3683.23,1145.96,
3879.45,2438.73,1801.08,2806.14,
3880.85,2419.85,3929.8,1717.79,
3881.09,2003.95,1298.38,1424.12,
3881.57,2008.91,1336.79,1302.88,
3887.36,2512.49,2135.46,1668.42,
3899.83,2772.01,2133.55,1387.09,
3902.37,2850.18,2115.96,563.035,
3903.73,2009.51,361.934,1484.3,
3904.11,2651.56,795.269,2080.37,
3904.85,2010.82,3959.25,1156.45,
3908.54,2855.95,1757.76,1540.02,
3917.64,2013.34,2429.12,1971.32,
3918.31,2666.53,218.969,1999.69,
3934.6,2338.32,1537.55,1656.78,
3949.28,2612.98,795.269,2080.37,
3955.63,2423.89,3927.13,1562.58,
3972.4,2014.19,3926.79,1740.31,
